gene,C1_s1,C1_s2,C1_s3,C1_s4,C1_s5,C2_s1,C2_s2,C2_s3,C2_s4,C2_s5
GLYATL1B,0.65,-0.0346,0.8128,1.7566,-0.138,-1.5074,0.4476,-0.4276,-1.7612,-0.67
SOWAHB,-0.2305,-0.232,0.2097,-1.1354,-1.0179,-1.1202,-1.4014,-0.5732,-1.336,-1.6508
SDHAF1,1.4763,0.3825,0.5722,-0.3928,0.1765,-0.6514,-1.4674,-0.4801,-1.1115,-0.9117
WASHC1,-0.0819,1.0592,0.1916,-0.2939,0.5804,-1.0263,-0.3615,-1.3698,-1.0762,-0.3671
MYO1G,0.5029,0.1209,-0.0724,-0.1973,-0.9903,0.1605,0.335,1.3573,0.8767,-0.5421
TK2,0.7945,0.4718,0.3389,0.9254,1.1162,0.1048,-0.7009,-0.4597,-0.1682,0.125
HAX1,0.4314,0.5907,0.0911,0.0423,1.1323,0.8467,0.0717,0.6553,0.307,-0.2392
LGALS8,1.2007,2.0403,0.9172,2.0593,-0.9266,0.4494,-0.075,-0.3505,-0.0716,-1.5554
MEN1,0.0743,0.4715,1.2432,-0.1313,-0.3311,-1.0135,-0.0377,-0.4416,-1.0328,-0.3146
PGRMC1,0.3324,0.9263,-0.212,0.043,-0.0009,-1.4725,-0.2735,-0.2974,-0.4718,-0.6351
TAF4,-0.7549,-0.0337,0.0228,-0.3104,0.1544,1.1213,2.1959,0.955,1.0151,0.7744
PLOD2,-1.3739,0.0402,0.105,1.9007,-0.0837,1.1324,0.8812,0.0338,1.7611,1.469
COXFA4,0.4811,-1.0597,1.0354,-1.5059,0.2961,0.9099,-1.9724,-1.588,-0.9846,-1.5311
FAAH,-0.8928,0.3093,-0.5302,0.61,-0.4241,0.5136,-1.2185,-0.8761,-0.0331,-1.5508
PES1,0.0326,0.615,-0.9573,0.0095,0.0501,1.225,0.1359,0.0909,1.0848,0.9634
RNASET2,-0.155,-0.0906,-0.7798,-0.1673,-0.1264,-0.0005,1.7317,0.7972,-0.3207,0.9199
PIR,0.0132,1.067,1.2892,0.1053,1.1724,0.2388,0.4836,1.1264,-0.1549,-0.4589
CES2,-0.5331,-0.4681,0.1839,0.5531,0.4962,-0.4212,-1.1398,0.1317,-1.3849,1.2497
FBP2,0.6477,-0.8533,-1.0696,0.5028,-0.2118,-0.7598,-1.0036,-1.5563,-2.3398,-3.016
ACACB,-0.6212,0.232,-0.1886,-1.1445,-0.2154,-0.6667,-1.4977,-0.8183,-0.8809,-1.6674
NRG2,0.2902,0.4861,0.9899,0.9617,-1.3842,0.8258,2.2275,2.2263,2.2275,5.4478
KMT2D,0.4813,0.7602,0.6705,0.521,0.0434,1.2401,0.4833,0.7481,0.6253,0.9056
HSD17B6,1.9002,-1.5042,0.5746,-1.2969,-0.3683,-0.1816,-1.0158,-1.9454,-1.6504,-0.5149
BCKDK,-0.532,0.2425,0.1027,-0.4676,1.8191,-0.2206,-2.3956,-0.5866,-1.2804,-0.0418
IFIT3,-0.3177,0.0267,0.3416,0.5249,-0.5249,-0.7378,-0.8091,-0.8998,0.3292,-0.362
SLC27A2,-1.1699,0.4981,1.4201,0.5858,-1.3678,-1.297,0.0436,-1.4681,-0.5865,-0.3332
HNRNPDL,-0.2949,0.1986,-1.6118,-0.3504,0.0888,0.143,1.7819,0.0392,0.6026,0.9274
SPTBN2,0.7873,-1.2279,0.5925,-0.215,-0.9096,-0.5734,-0.7577,-1.3175,-0.8482,-1.167
NPC1,0.0353,0.3342,0.8375,-0.7008,1.1355,-0.3816,0.5991,1.0023,0.8349,0.3426
ACOX3,0.2618,0.0537,-0.0167,1.0347,0.6748,-1.0954,0.0682,-0.3646,0.0049,-0.129
INPPL1,-0.4899,-0.3428,0.373,0.2981,-0.0475,1.214,1.8493,0.8259,1.4493,1.0391
ABCC4,-0.2255,1.3707,1.0392,1.0248,1.6213,1.5645,2.3659,1.1628,1.9321,1.3812
P4HA2,-0.1706,0.5133,-1.4271,2.5688,-1.6849,-0.5855,2.6713,2.1683,1.9382,1.944
RNMT,0.3779,-0.1077,0.4262,0.013,0.9197,0.9271,0.5548,0.8314,1.2344,0.6985
PAPSS1,-0.6934,0.0958,0.0968,-0.46,-0.4334,0.8021,-0.4419,-0.4118,0.0983,0.4723
SRGAP3,1.3322,2.8331,2.0369,0.7252,0.9069,-2.5336,-1.2653,-1.6135,-0.8254,-2.3077
TPD52L2,0.4159,1.0404,0.0289,0.3435,0.5212,0.532,0.9174,0.7871,0.8395,0.3029
HTRA2,0.5137,0.7729,1.2946,1.0253,1.6788,-0.8269,0.0706,-0.3066,0.7917,-0.8493
AKR7A2,-0.3225,-0.171,-1.1317,-0.1246,-0.2717,-0.4441,-0.3235,0.6434,0.06,-0.9024
TSPAN6,-0.8177,0.0751,-1.0885,0.9352,0.5165,0.3122,-0.4865,1.4828,0.54,1.4083
NDUFB5,-0.4008,0.1855,0.5417,0.5663,0.2734,0.1246,-0.8714,-0.3263,-0.1715,0.0607
NDUFC1,1.0578,-0.5656,-0.9276,1.5583,0.7225,-1.1644,0.8687,-0.4004,0.5399,-0.443
SULT1B1,2.3462,2.016,-0.151,1.1686,0.816,0.296,-2.227,-0.442,-0.0393,-3.0852
SLC25A20,-0.8053,-1.3611,-0.2118,0.429,0.9387,-0.6669,0.3425,-1.6112,-1.8211,-0.7511
MYO1B,0.4981,0.2486,-0.9695,0.2148,-0.5127,0.0213,-0.1601,-0.9423,-0.6872,-1.0137
NDUFS5,0.2105,0.8555,-0.3745,0.5696,-0.0858,-1.0903,-0.6557,-1.2439,-0.9387,-1.347
PEX1,1.6876,0.392,-0.1016,0.512,0.2929,-0.2851,0.2757,0.372,-0.4929,-0.5234
TIMM8A,-0.0812,-1.1844,-0.7562,0.8125,0.9638,-1.4574,-1.0081,-1.1525,0.3539,-0.7125
KDM1A,0.0181,-0.4139,-0.7537,0.1911,-0.3099,-0.1042,0.3008,0.0737,1.519,1.0985
PPL,0.0899,1.198,0.1534,-0.5456,1.2301,-0.4406,-1.6144,-0.9837,-1.494,-1.8717
ACSL4,1.1532,2.4415,-1.8927,0.6773,-0.9128,-0.0452,-0.1832,-0.539,0.6566,-0.4957
LILRB3,-0.6031,-0.8264,-0.9577,-1.4232,-1.1929,1.0794,0.9022,-0.127,0.6226,1.0766
NOS1AP,-0.4426,0.6939,0.0745,0.7079,0.0228,-1.2224,-1.1313,-0.2707,-0.162,-0.7598
COQ9,0.6142,-0.8774,0.1572,-0.5852,-0.2226,-0.3655,-0.9542,-0.6456,0.2564,-0.7703
ATP6V1G1,0.5803,-0.7563,0.3723,0.9924,-1.6689,0.1936,1.1281,0.5975,0.988,0.3248
NDUFS6,0.2807,0.1207,0.9947,0.3915,0.4465,-0.7742,-0.8242,-0.7879,-0.2417,-0.7802
CS,0.529,1.6582,0.8966,0.1395,1.1053,-0.4634,-1.4942,-0.8428,-1.3884,-0.4276
ECI2,0.2779,1.4011,0.4869,0.117,0.8273,-2.2408,-0.5833,-0.2207,-1.7445,0.0319
TOM1L1,0.859,0.1905,1.1201,2.5728,0.7201,0.0069,-0.6207,-0.9671,0.5232,-0.9726
IDH1,0.0877,-0.2326,0.3254,0.2406,0.6512,-0.8561,-0.716,-1.1295,-0.8177,-0.3385
RBBP9,0.8698,-0.5357,0.9641,1.3709,0.5823,1.1086,-1.11,-1.5041,-1.9512,0.7899
ALDH1L1,0.4349,-0.2042,0.0978,-1.1674,2.0475,-1.194,-1.2118,-0.6569,-0.8773,-1.1088
BBOX1,-0.9345,0.1714,1.4075,0.9373,1.1544,-1.4382,-1.8574,-1.1004,-0.9414,-0.0313
ATP5PD,-0.9388,1.235,0.0965,-0.0849,-0.4797,-1.743,-0.0711,-0.577,-1.4968,-1.5003
SEC14L2,-0.3943,1.7302,-0.3136,-1.6314,-0.2989,-1.6627,-4.2317,-1.4312,-1.6184,-0.6359
DDAH1,1.4053,0.9103,-0.046,-0.6199,1.9016,-0.7976,-0.8287,-0.8547,-0.7025,-0.9371
SORBS2,-0.3746,-0.3569,-0.0171,-0.3546,-0.4666,-0.6358,-0.8746,0.2878,-2.458,0.0152
PLPBP,0.8125,-1.3279,-0.212,-0.2305,-0.8985,-1.0173,-1.2319,0.614,0.0875,0.3041
UBR5,0.298,-0.5914,-0.3009,0.1864,-0.6361,1.0415,0.5834,0.5188,1.0406,0.9124
MFN2,-0.0567,1.0841,-0.597,0.6764,0.6593,-0.7685,-0.2915,-1.475,0.1572,-0.6749
AKR7A3,-0.5314,1.0534,-0.7145,-1.4244,-1.5738,-0.6793,-2.5813,0.479,-3.3895,0.4202
NDUFA7,0.2003,0.0036,-0.283,0.3206,0.0413,0.203,-0.4295,-0.4064,-0.735,-0.5389
ABCC6,0.2078,-1.4028,-1.1139,0.5553,0.0985,-0.7396,-0.5781,-0.3154,-1.0236,-1.214
MPZL1,0.2632,-0.6301,0.4248,-1.181,0.8971,1.8057,1.641,2.1938,2.7132,2.2179
NDUFA10,-1.1741,-0.8521,-0.4766,-0.1032,0.1787,-1.1033,-0.5799,-1.1203,-1.0378,-1.4938
ABCB11,-0.5299,-0.8205,-0.5656,0.8109,-0.5476,0.9103,-0.5405,-0.7497,-1.4573,-0.4001
FMNL1,-0.6112,-0.0062,2.1081,-0.1953,0.8846,0.1527,0.7322,2.2981,0.2188,2.3343
H6PD,0.5177,-0.2164,0.4742,0.6708,0.4681,-1.3236,-0.8363,-0.5591,-0.4591,-0.0574
MLYCD,0.267,-0.8507,0.4166,0.5867,0.5492,0.3014,0.119,-0.1578,-0.5488,-1.724
AIFM1,0.4676,0.3177,0.3609,-0.6847,-0.5525,0.1872,-0.5507,-0.0638,-0.5049,-0.5039
FTCD,0.4147,-0.924,-0.3605,-0.8745,-0.849,-1.984,-1.4949,-2.1401,-0.5434,-2.5229
EFEMP2,-0.5202,-0.7286,0.8264,-0.2042,0.4843,-0.3679,1.0766,1.5897,0.9243,1.7347
PEX11B,0.1143,1.4211,2.0245,0.2191,0.163,0.8007,0.8863,-0.5397,-0.4701,-0.3762
CYB5A,-0.6454,-0.3865,-0.4385,-0.2948,0.1509,-0.7253,0.075,-1.4747,-0.2692,-0.9978
ADH1B,-0.6596,-0.0019,-1.6342,-0.2674,-0.4635,-1.1616,-1.3462,0.6208,-2.1879,-2.091
ADH1C,-1.4249,-1.3618,-1.4381,0.2629,0.4785,-2.6295,-2.8731,-1.6588,-2.6122,-1.5084
ALDH1A1,0.2329,-1.2436,1.3881,1.6015,-0.4679,-1.5722,-0.9935,-0.9518,-0.6733,0.4879
PAH,-0.6923,-1.1754,-1.6271,-1.123,-0.5805,0.3289,-1.4687,-0.8923,-1.0791,-0.1424
SOD1,1.7729,-0.4145,-0.3848,0.7122,0.4531,0.4038,-0.4995,-1.1742,-0.4947,-0.1241
OTC,0.8439,0.5502,1.0748,1.171,1.3707,-0.7162,-1.4813,-1.187,-0.1931,-2.0908
F13A1,0.4219,-0.2677,0.1143,1.2453,0.2612,0.8242,-0.4484,1.4575,1.3663,2.7399
GOT2,-0.4359,-0.017,0.0071,1.063,-0.267,-1.0615,-0.8001,-1.135,-1.6384,-1.1291
HP,0.7816,-0.841,0.0548,-0.5888,0.8754,-1.7262,-0.9812,-0.258,0.6601,-0.6002
F9,-0.4562,1.1309,-1.0378,-1.5268,0.1921,-0.9402,-1.2784,-0.1518,-0.4544,-0.9806
ASS1,-1.7321,0.068,-0.1178,-0.7444,0.8826,-2.0912,-2.472,-1.775,-1.2345,-0.9929
SERPINA1,-0.135,0.261,-0.8094,0.9897,-0.0288,1.4188,0.9018,0.9779,1.0533,0.9718
C5,0.4915,0.961,0.1862,0.5368,-0.0096,1.8299,0.3821,2.0768,0.8173,-0.1339
COL1A1,-0.1833,-0.9125,0.4589,-0.8869,-0.7008,-1.3992,-0.1039,-1.8807,-1.1237,0.989
APOC3,0.974,0.7063,-0.3282,0.3548,0.3875,-1.154,0.8235,0.3584,-0.4576,-0.2734
APOH,0.0514,-1.4156,-0.2456,-0.5291,-0.7375,0.3438,1.6991,0.9449,0.1547,0.9004
RBP4,1.0804,0.8218,0.3504,-0.0346,0.6984,-0.0779,0.1955,0.0538,0.2796,-0.584
AFP,1.3363,-0.5639,2.6223,-2.0687,2.0466,0.7786,-0.6626,-0.3783,-0.1008,1.1626
LTF,0.0667,-1.0035,-0.4674,1.6472,1.2424,0.6084,0.2197,0.2997,0.7814,-0.8156
CAT,-0.2213,-1.0717,0.1744,0.3238,-0.3574,0.1014,-1.5857,-1.7295,-0.7118,-0.2161
ALDOB,1.2695,-0.8238,0.6782,-0.4131,-0.5441,-0.453,-0.679,-2.8561,0.1262,0.032
ARG1,-0.8973,-0.0485,0.0331,-0.1608,-0.8347,-1.6709,-1.134,-0.1382,-0.6611,-1.4208
ALDH2,0.3854,-2.5349,0.6896,-1.6405,-0.5295,-2.1735,-2.3147,-0.3339,-1.6476,-0.9908
ITGB2,-0.2246,0.1472,-0.1368,-1.1017,0.5156,0.5056,-0.2485,0.5522,1.9209,1.4593
S100A8,-1.4616,-1.4622,-1.4341,1.0075,-0.7179,1.0236,1.6346,0.8289,0.3221,0.3859
SERPINE1,-0.9539,-0.9068,0.1414,-0.7846,0.1483,0.8446,1.063,-1.7833,2.211,1.4301
SLC25A5,1.2505,-1.1373,1.9191,0.553,1.3181,-0.7294,0.2839,-0.7377,-0.4743,1.0818
MPO,-0.6995,-0.3911,0.102,-0.1809,-0.4417,0.7133,2.2535,0.394,0.5894,1.2314
PCCA,0.8659,0.927,0.5159,-0.82,1.2617,-1.7206,-0.6342,-1.4266,-0.9092,-0.6146
PCCB,0.3037,0.3856,1.3566,0.4114,-0.157,0.1935,0.3771,-1.5921,-0.1053,-0.0207
CYP1A2,-0.9583,0.7468,-0.808,-0.5271,-0.8315,-1.5623,-2.6954,-3.0457,0.0467,-2.4413
ATP5MC1,-0.0561,-0.8019,0.1701,-0.269,1.6341,0.5209,-0.5689,1.3184,0.5029,-0.3357
KRT18,-1.9001,1.7729,-1.0492,-1.2453,0.8004,1.3659,0.5566,-0.0724,-0.0488,0.1496
UGT2B4,0.402,-0.0799,-0.2584,-0.4266,-1.124,-1.9051,-3.3296,-1.7212,-2.6192,-2.7352
GSN,-0.0601,0.8961,0.5224,-1.4409,-0.9827,1.3016,-0.2155,0.3823,0.9934,-0.2044
CDK1,-0.3532,-1.7921,-1.0597,-0.1388,-2.0509,0.9923,0.5324,1.1043,0.7758,1.9157
S100A9,-0.7329,-1.2397,-0.7356,-0.3509,-0.8027,0.3414,-0.3371,-0.3014,-0.9773,1.9029
EPHX1,-0.3617,-0.0331,-0.0483,0.9138,0.2042,0.4051,-0.7406,-0.1726,-0.8372,0.9403
FABP1,-1.6047,-0.3187,-0.0405,-0.2294,-0.7439,-1.3538,-1.2047,-1.3685,-0.4145,0.6561
P4HB,-0.0239,-0.5526,0.2814,2.0178,-0.1841,0.8099,0.8351,-0.6171,0.1135,0.803
DCN,-1.4023,-1.1913,-1.6458,-2.1665,-1.7271,-1.6251,-0.1126,-1.0793,0.1275,-2.0242
APRT,0.2054,0.5086,-1.1973,0.2314,0.7465,-1.4707,0.2684,-0.488,-1.1662,-0.7745
UQCRH,0.7166,0.3701,0.7026,-0.346,0.4372,-1.2168,-0.281,-0.8505,-0.7296,0.687
TPM2,0.6901,0.2637,-1.241,-0.5548,0.7978,0.3877,2.3135,0.6102,0.4322,-0.011
FH,0.4733,0.2809,0.8598,1.027,-0.1452,-1.4698,-1.8095,-0.2326,-1.3165,-2.0225
THBS1,-0.0148,1.4994,-0.2988,0.3089,-0.2355,0.5301,1.2626,0.3924,0.7937,0.8328
COL1A2,-0.7973,0.5681,-0.3917,-0.8694,0.1935,-0.0043,0.7579,0.7272,1.6278,1.1251
ANXA6,-0.0032,0.4446,0.7487,0.3065,0.0156,-1.3542,-1.2231,-0.8194,-0.981,-0.7565
SLC3A2,-0.1714,0.1571,-0.2597,0.1271,-0.1659,-1.0552,-0.3358,0.2164,-0.5235,0.733
GSTA1,1.2229,0.9244,-0.446,1.1846,-0.0995,-1.4851,-1.7495,-1.452,-1.534,-0.9995
ADH4,-0.7259,-0.8421,-0.5222,0.0334,-0.1443,-2.8301,-3.6182,-1.0467,-2.7431,-1.9012
MME,-1.7246,-2.5159,0.4189,0.6915,-0.9812,-4.6485,-2.0878,-0.913,-3.2558,-1.1741
COL4A2,0.1035,0.5222,0.1985,-0.5709,0.9569,-0.6328,-0.5404,-1.1784,-0.8333,-1.1443
PTPRC,-0.3043,1.0079,-1.1391,-1.3074,0.8405,0.2094,-0.1108,1.0792,-0.0666,1.6265
CYP3A4,0.3074,-0.6981,1.5832,-0.7997,0.3627,-0.9341,-0.0695,0.1545,-1.1646,-1.842
SERPINF2,0.39,-0.3824,1.4447,0.1704,-0.1703,0.8461,-0.1939,0.061,1.5357,0.2747
ABHD2,-0.9911,0.1524,0.6211,0.2841,0.4842,-1.559,-2.0392,0.0717,-1.2455,-1.1936
ACAA1,0.8794,0.3683,0.3018,1.4335,-0.4261,-0.1153,-0.6919,-0.5518,0.2824,-0.3934
QDPR,0.3136,0.6971,-0.3348,-0.6752,-0.8228,-2.0637,0.824,-1.444,-0.8109,-0.8508
FBP1,-0.1501,0.2227,0.2555,-0.8031,-0.4981,-1.2536,-1.6432,-0.282,-1.1007,-0.9219
GSTM1,0.3603,1.0985,-0.3365,-2.4733,-0.0203,-2.8959,-2.7184,-1.1063,-0.1637,-1.9233
DLD,0.4314,1.5637,0.376,2.2946,0.64,-2.3435,-0.3004,-0.6029,0.1355,-0.3656
ALOX5,-0.5554,-1.6877,-0.629,-1.2979,-1.0164,1.434,2.5616,1.2318,-0.4269,1.2838
NUDT7,1.1531,0.0993,0.3768,0.4636,-0.0029,-0.0094,-0.4582,-0.1428,-0.9054,-0.6428
COX8A,0.8862,0.2267,1.4911,0.2106,0.5865,0.2239,-1.1918,-1.398,-1.2564,0.4226
COX5B,-0.1247,2.0326,-0.1333,0.3861,1.3278,1.0574,1.0958,0.5041,0.3762,0.0769
MGST1,0.6505,-0.4328,-0.6504,0.0136,-0.1224,-1.1116,-0.1749,0.0361,-0.6703,0.4616
CYP2C8,-1.1192,-0.2772,-0.7418,-1.7629,-0.1786,-0.9163,0.5359,-0.248,-1.7178,0.8385
CYP2D6,1.2112,0.6264,-0.1136,-0.7844,-0.2469,0.2145,0.9429,0.6305,-1.2293,-1.8066
C7,-0.0086,-1.2774,0.1126,-0.2003,-0.4119,-0.5963,0.8047,0.1094,-0.314,-1.4453
UROS,-0.2432,0.7149,0.6558,-0.4719,-0.5492,1.1002,0.3191,1.0113,1.2584,1.5038
CLU,-0.3281,-0.3852,-0.7575,-0.7293,-0.3978,0.5596,0.8612,-0.0866,1.1809,0.2071
SLC2A3,0.0597,-0.3837,-1.4083,0.6129,0.523,0.7818,0.9946,1.2689,-0.001,0.6305
DBT,0.4625,-0.7312,0.1708,-0.7908,0.2715,-0.6302,-1.5506,0.0693,-1.0375,-1.0816
MBL2,-0.4557,0.4276,-1.589,-0.5851,-0.2431,-0.6367,-1.1181,-1.6245,-2.0536,-1.2022
ACADM,-0.6743,-2.0578,0.4545,0.8042,-1.64,-1.8326,-0.6139,0.4623,-1.0615,-1.6218
TOP1,-0.0627,0.864,-0.3382,-0.4294,-0.2411,0.1111,0.7513,1.6449,0.8705,0.5282
G6PD,-0.5944,-1.753,0.4763,-0.3994,-0.493,3.3892,0.7516,-0.2058,0.0908,1.5259
PC,0.1839,-0.6557,0.62,-0.239,1.1363,0.1042,-0.7223,0.213,-0.4435,-0.0187
CYP2A6,0.2533,-1.5237,-1.253,0.9813,-0.8407,-1.7521,-2.4883,-0.6477,1.5404,-2.6384
MTHFD1,-0.0009,1.0036,-0.076,0.309,-0.7873,-0.6476,-1.093,-0.2442,-0.0983,0.9165
CYP2C9,0.2125,-0.0401,-0.1708,-0.7156,-0.0275,-1.6253,-1.1638,-0.0206,-2.3328,-0.1974
ADH5,0.809,0.015,-1.0937,-0.256,0.7979,-0.5562,-1.0964,-0.8228,-0.0784,-0.241
SLC25A4,0.298,0.2043,0.186,-0.2027,1.6564,-0.5359,0.5919,0.8147,0.4315,-0.616
IMPDH2,0.2664,0.0102,-0.5162,0.2188,-0.681,1.3057,0.3167,0.7152,0.7644,0.4398
FCGR1A,0.4693,-0.098,0.6214,-0.5635,0.2233,2.2649,0.6942,0.8666,1.5034,1.3248
BCKDHA,0.479,0.5777,0.6813,1.0195,0.5212,-0.7524,-0.1018,0.772,-0.675,-1.2744
SRC,0.8195,-0.1127,-1.6713,0.6223,-0.4279,0.8496,1.1705,1.0631,1.4572,0.5877
COX4I1,0.5636,0.0545,0.7123,0.631,-0.3909,0.3057,-0.7629,0.1226,-0.1678,0.8014
VCAN,-0.9926,-1.1783,-0.6916,-1.1103,0.5175,-1.6695,-0.8393,-0.8601,2.1178,3.2396
ALAD,0.0232,-0.02,0.14,0.8712,-0.5279,-0.9477,-0.4542,-0.7717,-0.9803,-0.4369
APEH,-1.2725,0.4466,-0.2307,-0.8289,0.3618,0.2186,-0.5497,0.0047,0.34,0.1888
ETFA,1.028,0.5277,0.1562,-0.7784,-0.0229,-0.8755,0.8039,-0.5037,-0.3371,-0.0984
GYS1,0.2613,1.1924,-0.1143,0.3464,-0.1819,0.0424,0.4417,0.7657,0.5446,0.3962
COX7A2,-0.4603,0.1577,-0.5063,0.5515,0.235,-1.0421,-0.5057,-0.7126,-0.2122,0.2648
AKR1A1,-1.2531,0.0863,-0.0989,0.4607,0.1524,-1.2591,-0.9677,-1.2887,-0.0288,-0.7387
PKM,1.5548,-0.1944,-0.7719,-1.49,-1.748,-0.541,1.1096,1.325,-0.5384,1.6694
MMP9,-1.3279,-0.8684,0.2007,-0.3212,-1.1714,-0.4651,-1.3847,-0.3396,0.0311,-0.5351
COX6B1,0.0434,0.1768,-0.0166,-0.2892,0.2356,-0.1872,-1.1695,0.4339,-0.5337,-0.4584
DAO,0.6753,0.209,0.9157,0.2619,-0.6212,-0.4549,-1.9326,-0.7032,-0.8424,-1.0141
GLUL,0.3271,-1.8451,-0.1934,0.6014,0.6845,-2.3053,0.5362,-2.1052,0.1691,-0.5027
VAV1,-0.9761,0.9465,-1.4107,0.2667,0.3314,-0.0943,1.5436,0.2396,0.6673,0.6448
PHKG2,-0.2027,0.3175,0.308,-1.0912,0.5891,-1.7945,-0.3111,-0.2592,-1.4799,-1.1055
CD44,-1.6101,-0.8191,-0.9018,0.064,0.5351,1.6302,-0.1081,0.2052,-1.1037,-0.3245
NQO2,0.7492,1.215,-0.8249,-0.3655,0.0397,-0.5474,-1.3274,-0.4444,-1.0871,-0.7582
PFKFB1,0.5791,0.0681,-0.3511,-0.0418,-0.0216,-1.4007,-1.2954,0.463,-0.5194,-1.3301
SPN,0.367,-0.8169,0.914,-0.0089,-0.5567,1.2581,-1.0605,-0.5504,-0.6276,0.908
CBR1,1.4234,1.8036,0.5891,0.4845,-1.2702,-1.1827,-1.3695,-1.2423,-0.8972,-1.1289
ACADS,-1.8132,0.3988,-1.0779,-0.0138,1.4745,-1.6742,-2.9808,-1.1605,-0.0355,0.6599
EPCAM,-2.5862,0.3192,-1.3,-0.6951,3.9339,-1.237,1.7197,2.0798,3.1201,1.4575
UGT2B7,-0.4805,-1.1814,-0.5195,-1.1328,-0.1665,-2.2426,-1.4947,-1.9017,-0.7445,-1.9239
FAH,-1.3598,0.6977,-0.7718,-0.601,-0.5616,-0.0369,-2.4166,1.1585,-0.2527,-0.8174
GOT1,-0.0765,0.1456,0.2992,0.3802,0.3217,-0.6646,-0.8517,-0.8217,-0.8501,0.0166
ITGA2,0.5418,-2.1959,0.5901,0.2329,0.0675,0.698,1.8698,1.733,0.4003,1.3143
AKR1C4,-0.5546,-0.8827,-0.2771,0.9205,0.9935,-0.303,-0.1324,-0.3005,-1.2315,-0.3682
LGALS3,0.909,0.8544,1.369,0.7999,0.3773,2.2603,0.9616,-0.0513,0.7999,0.1109
IGFBP2,-0.4142,0.0773,-0.5227,-0.074,-1.5427,-0.4307,-0.6272,-1.3851,-0.0177,0.2401
ATP5PF,-0.7408,-0.2355,-0.2394,-0.3415,0.7167,-0.7833,-0.8256,-1.8658,-0.2874,-1.4085
UGT1A6,0.1254,0.284,1.0739,-0.8727,-2.1201,-0.4692,0.7096,0.3001,-0.4504,-0.9618
NDUFV2,0.3644,-0.4219,0.2184,0.2312,0.4762,0.6992,-0.3462,-0.7443,-0.5308,-1.3007
GGT1,-0.9888,-0.6877,-0.8088,-0.0952,-1.1235,1.8825,0.7001,0.6901,0.354,0.8636
ITGAL,0.5321,-0.6991,-0.547,-0.2892,-1.0474,-0.0871,0.1624,1.1451,0.6999,0.6497
CYP3A5,1.24,-0.0415,0.6429,0.0027,0.4807,-1.8493,-4.2562,-1.2677,0.7514,0.1075
IMPDH1,0.4138,0.6219,-0.2602,-0.1766,-0.8031,0.3238,1.0401,1.4922,0.4596,0.2207
MAOA,0.2154,0.6209,-0.7598,-1.3352,-0.1567,-1.9248,-1.4438,-1.2005,-1.4067,-0.1201
ACO1,0.1528,0.1354,0.349,-0.8205,0.6259,-1.0627,-0.5671,-1.7243,-2.0443,-0.4692
ABCB4,0.657,-0.4913,-0.4622,1.3297,-0.7494,-0.0432,-2.3275,-0.9452,-1.8137,-0.9768
AGXT,-0.2405,0.1004,0.2825,-0.6499,0.9081,-1.5178,-1.2634,-1.9479,-3.3495,-1.2299
GPD1,2.2191,0.7012,-0.0483,-0.2754,-0.0094,-0.7962,-2.4072,-0.2674,-0.6393,-0.6367
RYR1,-0.1783,-0.6329,0.0761,-0.0118,-1.0385,0.268,1.0012,2.5719,-0.4543,-0.7023
SDHB,0.1721,0.1071,0.177,0.2174,-0.0495,0.2447,-1.5212,-1.0799,-0.6655,-1.5453
BCKDHB,-0.1832,1.1668,-0.0387,0.1155,-0.98,-1.5868,-1.4096,-1.3674,-0.1922,-0.7241
COMT,-1.1702,-0.2556,-0.086,0.3463,0.6429,-1.6127,-1.4751,-1.776,-1.0866,-0.6149
MMUT,0.5724,-0.1818,-0.3547,-0.0203,-0.7202,0.5374,-2.0848,-0.8136,0.4906,-0.9398
SCP2,-0.0465,-0.181,-0.0388,1.2086,-1.6702,0.2586,-2.1165,-1.187,-1.3176,-0.5002
UGT1A1,-0.9479,0.6013,1.776,-0.7713,0.3965,-0.8264,-0.0083,-0.3142,-0.811,0.0383
UGT1A4,1.2781,-0.2412,0.4522,-1.0805,-0.8241,-0.6463,0.1241,-0.7352,-1.2444,-1.0065
FDXR,-0.6445,0.5645,0.7456,-0.1242,-0.1359,-0.4742,-0.9321,-0.6906,0.721,-0.8085
CYP7A1,0.2824,0.0599,1.1309,0.4187,0.0585,0.4174,0.4931,-1.0615,-2.0358,0.176
UQCRC2,-0.0747,0.7937,-0.8314,0.8537,-0.3847,0.1855,-0.2363,-0.8062,-0.4843,0.1593
FECH,0.217,0.5,1.3233,-0.7707,1.1109,-0.4825,-1.0758,-1.331,-0.6561,0.0009
CES1,-0.1886,1.2192,-1.3257,-0.0894,-1.1549,-0.8461,-0.3966,-1.52,-3.3957,-0.9876
GLDC,-0.05,-0.0756,0.5813,-1.2411,0.1424,-0.0607,-2.4079,-0.7503,-1.4011,-1.0672
GCSH,0.0977,-0.6061,-0.765,-0.1666,-1.112,-2.0443,-0.5562,-2.0974,-0.5672,-0.7389
CPT2,-1.023,-0.287,1.0273,-0.5001,-0.1373,-0.1914,0.0343,-0.6924,-0.9353,0.4829
GPT,1.1442,0.518,-0.2182,-0.9545,-0.9727,-0.8961,-0.9819,-0.1718,-0.7907,-2.565
ATP5PB,0.8264,-0.2414,0.0785,0.4088,1.318,1.2985,-0.0054,-0.4168,-0.043,0.141
ACAT1,-0.1377,1.3091,0.2389,0.4219,0.5369,-0.7047,-0.4194,-1.4151,-1.3748,-1.7453
TNC,0.0745,0.3686,0.0904,1.1446,-0.3111,1.2796,-0.2459,0.3647,1.3028,1.4358
ATP5F1A,0.1673,0.3008,-0.5677,0.1294,0.8785,0.0461,0.0014,-0.2694,-0.2951,-0.6958
DNMT1,0.5844,0.4132,0.457,-0.1705,-1.1735,1.3888,0.4175,0.1808,1.14,0.471
IVD,0.6898,0.4092,0.4513,-0.847,0.7861,-0.4918,-0.8912,-0.5665,-1.7826,-0.3984
S100A4,-0.9946,-1.2314,-1.3557,0.5744,-0.7015,2.2662,0.7503,-0.1078,0.325,2.048
AK4,-0.0601,-0.3187,0.148,0.3733,0.7789,0.4044,-0.7872,-1.4239,-0.8226,-0.3786
PON1,-0.8508,-0.8457,0.157,-0.1455,-0.0827,-1.4939,-1.0869,-1.6217,-0.2232,-0.1114
MAOB,-0.8927,-0.2734,-0.6565,-0.0846,0.2981,-1.618,-1.2614,-1.3169,-0.4987,-0.5919
ABCD3,-0.1926,0.4828,-0.061,0.1457,1.6077,0.456,-1.5283,0.0721,0.0583,-1.4145
ACADL,0.609,1.2474,-1.1145,-0.9324,0.7855,-0.5649,-0.3163,-0.5035,-0.4591,-1.9835
ADH6,0.4503,0.5829,-0.9351,-0.7334,-2.3476,-0.7419,-0.6792,-1.3674,-0.0799,-1.6624
GCA,0.5734,-0.6095,0.1342,0.0216,0.32,0.7376,0.9153,1.6303,0.6874,-0.186
MARCKS,1.1778,0.8959,-1.1518,0.3661,-0.5473,0.9283,0.9518,0.547,0.1263,0.1976
ALDH4A1,-0.3305,-0.2771,0.2068,-0.2037,0.681,0.12,-1.1884,-0.6698,-0.5051,-0.5226
PBLD,-0.3932,0.1123,-0.0852,-1.3891,0.2082,-0.3547,-1.6061,-0.9986,-0.5093,-1.1861
DDT,1.0156,1.96,-0.3443,-0.7796,0.453,-0.0218,-0.7186,0.5134,-1.529,-0.0428
PRDX3,-0.416,0.9699,1.1328,-0.5119,-0.3825,-0.0793,-0.8225,-0.6188,-0.5766,-1.7359
ECHS1,-0.176,-0.5645,-0.4515,0.6619,-0.8904,-0.4119,-1.0398,-1.0402,-0.425,-0.6839
PEBP1,0.4031,0.6196,-0.088,-0.241,-0.4985,-1.0174,1.0381,0.1099,-1.3036,-1.2881
LRPAP1,0.7211,0.7645,0.7656,0.2321,0.318,0.0266,-0.134,-1.6639,-0.3435,-0.756
PKLR,0.2358,2.8408,0.4141,-0.2172,0.9279,-0.5106,-0.5687,-0.3955,0.9484,-2.0065
ALDH1B1,0.2566,-0.7883,0.3177,-0.7825,-0.4084,-0.9421,0.0064,-0.0364,-1.6516,-0.6809
ALDH3A1,0.3335,-0.486,1.0687,0.9322,5.0152,0.5414,-2.1614,-0.948,1.4198,3.0127
SDHA,-0.8956,-1.0868,1.353,0.3894,-0.4288,-0.3631,-2.4254,-0.7087,-0.4977,-0.1097
CORO1A,-1.3076,-0.2904,-1.2258,-0.1335,-1.1979,0.066,-0.4777,1.0458,1.2376,0.2265
CPS1,-0.0884,-1.3771,-0.3813,-0.165,2.1502,-2.3487,-0.1158,-0.5208,-1.1416,0.1395
RRM2,0.162,0.1777,-0.2308,0.9485,0.8311,0.2399,-0.4007,0.6303,0.0788,0.7591
FMO4,1.6963,-0.177,0.2812,0.3926,1.2663,-3.417,-1.6039,-0.6998,0.3932,-1.477
FMO3,-1.8804,0.5946,-0.6498,-1.1994,-0.6388,-1.778,-2.1946,-3.7818,-0.7056,-0.331
GABRA5,0.3607,-0.2371,0.0757,0.1408,0.3431,0.9932,0.5246,0.7973,0.9227,1.2563
UQCRC1,0.5936,0.6373,0.2726,0.9587,0.4412,-0.8616,0.3094,-0.0554,-0.6454,-0.6643
HIBADH,0.3346,0.4445,0.2692,0.3443,1.2599,-0.0104,-0.5912,-0.0963,-1.3976,-0.4545
HPD,1.5363,-0.4478,-1.0639,-0.8726,-1.3008,-2.4446,-2.0392,-3.0522,-1.6613,-0.7936
CTH,-0.9336,1.0902,0.2492,0.6827,-0.7252,-0.5527,-2.1758,-0.523,-1.122,-0.804
ACSL1,-1.2859,-1.0703,0.0764,-1.1112,-0.0266,-2.4071,-0.7047,-2.3036,-0.9321,-0.8757
LSP1,-0.7174,0.2666,0.0191,-0.5959,-0.9574,-1.0869,0.6923,-0.7808,0.4967,0.2206
MAN1A1,0.2158,-0.442,-0.4604,0.2511,-0.0149,0.5741,0.6767,-0.6673,0.8695,0.7727
MCM5,-0.5375,0.0305,0.1811,0.1111,0.4555,1.8592,1.6022,-0.158,1.2642,1.7839
MCM7,0.268,0.9557,1.8553,0.89,0.1338,1.9711,1.0921,0.9739,0.6074,2.4773
SHMT1,-1.2008,0.8548,-0.048,-1.7087,-0.1636,-3.327,-0.9437,-0.7166,-2.0087,-1.3827
SHMT2,1.6829,0.0758,-0.2856,1.3742,1.6884,-0.1442,0.5142,0.7298,-0.6317,-0.4637
EPHX2,0.8671,1.2273,0.3374,-0.8067,1.4668,-1.7582,-1.6029,-1.0656,-0.1046,-0.6599
PFN2,-0.4866,-0.4417,-0.8306,-0.3538,-3.2143,0.0417,0.5401,-0.7498,0.6744,0.1271
SPR,1.2874,1.1736,-0.0985,0.098,0.146,-0.9376,-0.5341,-1.1289,-1.3612,-0.2673
THBS2,0.2647,-1.5096,0.5936,-1.2958,-0.201,2.0862,1.0295,1.6338,0.4321,0.828
KRT9,0.3566,-0.0776,0.38,-0.7216,0.1275,-0.7447,-0.7216,-0.7098,-0.5655,-0.1309
GCK,0.8163,-0.4571,-0.9194,-0.7848,-0.3213,-1.0665,-1.4157,-1.8553,-1.1535,-0.6209
PCK1,0.0547,-1.0964,-0.9521,-1.4652,-0.571,-2.3834,-0.9634,-3.3197,-1.8951,-1.2351
HMGCL,0.0026,1.8698,0.1261,-0.8813,-0.2052,-2.5537,-1.2919,-1.8518,-0.5507,-1.6408
UGT2B10,-0.4533,-0.8197,0.8575,-0.5977,0.9237,-0.5245,-0.7591,-0.8391,-0.8214,-2.4612
PGM1,-0.2259,0.4157,-0.0946,-0.8687,-0.0966,0.2834,0.0225,-0.7246,-0.1461,-0.8984
CFHR2,-1.2896,-0.5099,1.9784,0.1408,0.1714,1.0615,3.2662,2.988,3.581,1.2023
FDFT1,0.2541,-1.0892,1.1297,-0.8306,0.1957,-1.301,-0.9242,-1.1083,-0.9383,-0.8873
PIGA,-0.2001,1.8978,-1.0453,0.9673,2.4818,-1.7506,-2.0614,-1.3213,0.82,-0.6766
ETFB,-0.1088,0.4158,-0.404,0.5178,0.3769,-0.5991,-0.8734,-0.8982,-0.1636,0.1951
FEN1,-0.1946,0.6336,-1.2904,-0.1548,0.2636,0.1263,0.106,0.3091,1.0348,0.6723
TXLNA,-1.2237,-1.148,-0.1723,0.5138,-1.5519,-0.6802,-0.6973,0.5367,-0.6062,-0.1113
NNMT,-0.3206,-2.9283,0.3991,-0.2355,0.1007,3.3354,-3.5637,0.8083,-1.5014,-0.8416
PEX19,0.4929,0.2415,0.1448,0.7418,-0.484,0.5165,-0.2581,-0.732,-0.2805,0.8527
MDH1,-0.1212,0.378,-0.2305,0.6012,0.5607,0.4915,-0.6393,-0.1677,-0.4864,0.1827
MDH2,0.0528,0.7739,0.311,0.3753,0.4521,-0.0451,-0.2267,-0.0636,0.608,0.3161
HADHA,0.6566,-0.1936,-0.4719,0.7119,0.6611,0.0712,-1.2617,-1.0213,-1.9263,-1.1259
MNDA,0.3945,-0.9544,0.0662,-0.6999,-0.2255,-0.5565,0.5802,-2.256,0.3293,-1.0016
PRKCI,1.352,1.0178,0.7755,1.5977,-0.3286,0.9448,0.309,-0.6025,0.4677,-1.2808
ECI1,-0.1294,0.016,0.0696,-0.2856,1.2491,-0.7427,-0.3311,-0.9524,-1.7941,-0.3866
RPS27,-1.8523,-0.0179,-1.3111,2.0278,0.9572,1.4633,2.6155,0.516,1.8989,1.5569
ACAA2,0.1128,0.7382,0.4034,0.1281,-1.0775,-1.4425,-0.9231,-0.7891,-1.5481,0.6489
CRAT,1.0628,0.5808,0.3013,0.1514,-0.2386,-0.3147,-0.2197,-1.0103,-0.1794,-0.4375
SYK,-1.4347,-0.6973,-0.3828,1.2373,0.3002,-0.0142,1.2682,-0.1633,1.6882,0.5943
ACADSB,-0.1595,1.1044,-1.2222,-1.3201,-0.5957,0.0526,-2.2248,-3.3937,-1.2737,-0.3807
MAPK8,1.329,0.3604,0.3905,1.302,-0.4587,-0.3152,0.0219,0.1726,-0.3859,-0.0689
RPL27A,-0.8477,-0.0664,0.4082,-0.2047,0.2398,0.9176,0.5806,0.7996,0.3158,0.6386
HAAO,0.4849,0.0965,-0.5406,0.1541,0.5744,-2.6527,0.0973,-1.1842,-0.5314,0.13
QARS1,-0.7653,-0.3455,-0.0786,-0.3926,1.2042,-1.0287,-0.8377,-0.3559,-1.2476,-0.7363
XDH,0.1828,-0.4248,-0.2011,-0.6084,-1.5288,-0.7998,0.5393,-1.0831,-0.8898,-0.4531
ATP5PO,-0.509,1.4029,0.4378,1.3575,-0.164,0.6566,-0.0144,-0.1573,-0.3625,-0.673
SLC6A12,0.8649,-0.0477,-1.8617,-1.1302,-0.3285,-0.9277,-1.2432,-0.1452,-2.874,-1.0709
AMT,-1.3956,0.5577,-0.0896,0.3,-0.6726,0.4029,0.2227,-0.1245,-0.6648,-0.1273
ALDH9A1,-0.3912,0.479,0.9211,0.5988,-0.4038,-0.6745,-1.596,-0.557,-0.6248,-1.9172
FMO5,-0.7808,-0.232,-0.2431,-0.8105,0.1877,-0.6525,-0.9308,-1.2815,-0.1546,0.2243
TUFM,0.0764,-0.0182,0.7934,0.1688,0.3296,0.0873,-1.8611,0.5129,-0.4032,-0.7594
ALDH7A1,0.0315,0.0669,-1.0922,1.1157,0.1209,-0.6925,-0.3445,-1.6946,-0.6717,-1.1789
HARS2,1.5597,-0.8451,0.7949,0.3875,1.2245,0.3822,-0.5701,-0.5738,-0.0874,-0.7229
TTPA,0.872,-0.1324,-2.2369,-0.137,-0.6874,-2.2981,-1.9715,-0.8546,0.1565,-0.6856
MCM2,-0.6122,0.25,-0.4926,-0.6837,-1.0569,-0.9083,0.197,0.6418,0.4351,0.1759
VPS41,0.2548,1.0589,0.0627,1.1457,0.2256,-0.2091,-0.5788,-0.0792,0.6849,0.447
RGS3,3.0753,2.4383,0.1687,1.2476,0.6203,1.9079,-1.6203,1.298,1.297,2.6045
SEPHS1,-0.0276,0.5191,1.2838,-0.129,-0.576,-1.5874,-0.324,-1.5889,-0.8527,-0.4582
CAMP,-1.0665,-0.9155,-1.0432,-0.3794,-1.781,0.1496,0.0895,1.0964,1.1405,0.8584
MTHFS,0.8013,-0.6526,1.0992,1.0105,0.5256,0.3725,-1.7444,-1.0474,-1.1772,-0.2803
KHK,-1.1266,0.4533,0.9891,0.3988,0.0392,-2.1987,-2.0755,-0.2431,-0.6541,-1.3694
HNMT,-0.2512,-1.201,-0.6369,1.1248,-0.7607,-0.588,-0.1048,-1.4412,-0.5908,-0.1458
SULT1A1,-0.2178,2.5251,-1.8324,0.787,-0.3958,-0.8699,-1.1875,-2.3155,-1.3914,-3.3957
PPOX,0.7843,0.5627,0.81,1.1147,0.6131,-0.5737,-1.3213,-1.1987,0.1808,0.3621
GATM,-0.0434,0.1425,-0.4795,0.8797,0.5478,0.5966,-1.2483,-0.9209,-0.5222,-0.2506
SERPINH1,0.0536,-0.4061,0.8208,0.7087,-0.4363,1.6864,1.5569,0.8325,0.7943,1.126
VASP,-0.3759,0.0673,-1.0174,0.488,-0.7237,1.3306,0.4193,0.4782,0.2714,0.4402
DUSP3,1.4281,-0.8438,1.3458,0.7997,-0.0989,-0.824,0.7764,-0.7485,-0.8694,0.4629
GALK1,0.6084,-0.362,0.5157,-0.4288,1.1879,0.4862,0.0838,-0.0458,1.0182,-0.3209
CYP2J2,-0.6282,0.4319,1.4953,-0.5196,-0.0951,-0.1219,-0.4275,-1.0308,0.3365,1.115
ALDH3A2,0.2859,-0.3939,-0.7923,0.3241,0.8467,-0.1732,-0.4683,-0.8309,-1.1416,0.0489
ALDH5A1,0.9576,-0.929,1.4762,0.697,1.3303,-1.9164,-1.9346,-1.0012,-0.5012,0.491
HSD17B4,0.8713,0.338,-0.1026,1.1658,-0.0679,0.4674,-0.6079,0.4461,-0.0664,-0.525
SUOX,-0.2822,-0.1731,0.2969,0.0823,-0.3276,-0.6908,-0.5416,-1.8904,-0.3096,-1.1883
ARSL,-0.7021,-1.0525,-1.1225,-0.8347,-0.4105,0.772,-0.8549,-0.3932,-0.247,-0.4238
AKR1D1,-0.6158,-2.1064,1.4222,1.8973,-2.7562,-2.8517,-1.8593,-2.7724,-0.8115,-2.4573
LUM,1.6303,0.4785,-0.6775,0.2851,0.3784,-0.7548,-1.0529,0.0042,0.9302,0.0762
KPNA2,-1.751,-0.911,-0.1202,-0.122,2.1004,-0.4524,1.6,2.6671,3.516,0.6126
RIDA,0.0652,0.1163,-0.1279,-0.32,0.029,-2.7367,-0.6394,-1.0021,-1.2296,0.2512
HK2,-1.7634,-1.4237,1.5677,-1.9596,-1.6074,0.1037,1.3377,0.547,-1.3274,-0.3774
HK3,-0.8367,-0.4201,-0.0248,-0.0308,-1.755,1.0424,0.4048,1.2943,0.5554,1.0717
MRPL12,0.9538,1.6496,0.9979,0.5074,2.3821,0.7191,0.4697,-0.9936,-1.003,0.2474
AKR1C2,0.467,-0.1139,0.4635,1.5705,0.8875,-1.5467,-0.7595,-1.2898,-0.9707,-0.9905
SUCLG1,-0.2052,-0.7335,0.0326,-0.2616,-1.8711,0.5517,-0.1034,-1.0989,-0.8304,-1.6393
GYS2,1.106,1.3038,-0.4043,0.4464,-0.3861,-2.8346,-1.9269,-1.3933,-1.9689,-1.7374
UGT2B15,-0.5744,-0.5637,-0.4292,-1.5539,-1.2066,-2.3346,-0.0482,-3.1644,0.1295,0.3647
HMGCS2,-0.2108,-2.1111,-0.2596,-0.0142,-0.7958,-1.5193,0.17,-0.5446,-1.8574,-2.4132
ALDH18A1,-0.2156,-0.1396,0.3352,-0.355,0.3454,1.8371,1.088,0.5101,0.4198,0.3037
HADHB,0.9271,-0.3695,0.1128,0.1171,-0.2795,-1.9056,-0.6897,-0.965,-0.5626,-1.304
MTTP,0.6551,-0.5482,0.9369,-1.0477,0.2042,-0.4809,-1.21,-0.5101,-0.0196,-2.0253
NCKAP1L,0.2938,-1.9447,-0.8033,1.1355,-0.5165,-0.4119,0.3173,2.0103,-0.9034,-0.3203
ADK,0.4374,0.6141,-0.3475,-0.9043,0.7308,-0.119,-0.5679,-1.2991,-0.9248,-0.9794
ATP5ME,0.4632,1.1483,0.7987,-0.3981,1.1027,-0.1378,0.0909,0.5677,-1.0092,-0.3512
LGALS4,-0.4985,-1.7474,0.5598,3.1687,-2.0755,-0.7692,0.0416,-0.582,-0.8666,-2.296
NDUFA6,0.3894,-0.2309,-1.1292,0.9923,0.8443,-0.3965,-0.2853,0.2445,-0.2883,0.1378
DEFA1B,-1.2298,0.8249,-0.4405,-0.6023,-2.4713,0.7407,-0.6877,-0.4404,-0.6665,-0.9867
PRPS1,1.7941,1.2757,1.6606,-0.3932,0.4524,-1.0707,-0.6801,-0.8254,0.5844,-0.4844
UBE2M,0.8447,0.5525,1.6223,-0.7591,0.9648,1.482,0.1477,1.3944,0.972,0.6172
PCBD1,-0.0942,-0.027,1.7466,0.434,0.9346,-0.9744,-0.9673,0.2252,-1.3322,-0.7338
HSPE1,0.4502,0.4973,0.3205,0.6705,0.8513,0.129,-0.9183,-0.4912,0.4091,0.2264
LYZ,-1.7541,-0.3975,-2.2303,-0.6371,0.819,-0.2222,-0.1329,1.1246,-0.6903,0.0257
TIMM10,1.0926,0.1352,0.445,1.2075,0.9565,0.1952,-0.2762,0.2755,-0.1087,0.3437
SNRPD1,-0.06,0.0837,-0.2854,0.1512,-0.2036,0.1651,0.7928,0.7718,1.0324,0.4774
ARF6,-0.013,0.0796,0.0108,-0.813,-0.1807,-0.6244,-0.8558,-2.2135,-0.7564,0.5742
PPP3R1,-0.0715,-0.2572,0.2986,0.2678,0.7121,0.3292,1.3331,1.262,0.8923,1.1349
SKP1,1.2505,1.1522,-0.109,1.1195,0.5658,0.0821,0.0823,-0.0575,0.7822,-0.0159
CYP4F2,-0.9812,-0.4358,-0.0058,0.7834,0.313,-1.4273,1.0788,-0.5894,0.1699,-0.9023
GSTO1,0.4576,0.6773,0.9492,0.8338,0.7008,-0.7212,-0.9054,-0.2562,0.1749,-0.6549
ABAT,0.8976,1.2314,-0.8099,-0.7415,-0.1413,-1.2094,-1.9265,-0.3093,-1.1091,-1.4405
BASP1,-1.5939,-1.4956,-0.1876,-2.1646,0.4116,0.022,2.8078,2.0419,0.0029,0.0644
MRPS25,1.0239,1.4851,-0.6924,-0.7891,-0.0303,0.1635,0.1075,0.4809,-0.9982,-1.7258
KGD4,1.0315,0.1013,-0.5553,0.6382,0.9957,-0.2677,-0.453,-0.2883,-0.4048,-0.944
SARNP,0.0781,0.8091,0.6911,0.6002,-0.0878,1.0329,-0.1474,1.2459,1.9854,0.2684
RBP5,-0.1676,0.3056,0.7832,-0.0964,-0.2226,-1.5336,-0.462,0.5404,-0.3721,-0.527
LACTB,0.3523,0.1625,-0.2943,0.6378,0.2974,-0.5293,-1.0949,0.2032,-0.1607,-0.8543
LSM11,1.8231,0.884,0.7058,0.7198,0.0863,0.6046,-0.8376,-0.4601,-0.9907,0.2554
RHOG,-0.0702,-0.1634,-0.5415,-0.61,0.2545,0.2985,0.7564,0.1217,0.6849,1.2777
SERF2,0.6397,-0.2152,0.3581,-0.0681,0.1446,0.875,1.0131,1.3354,0.3033,0.2841
CYCS,-0.3917,-0.5329,-0.2774,0.641,-0.061,0.1959,-0.1235,-1.4599,0.2902,0.3942
MAT1A,-0.5173,0.2378,-0.444,0.0656,-0.6618,-1.742,-0.9889,-0.8506,-0.9969,-1.4168
SORD,-0.3184,0.2108,-0.0377,0.1421,-0.5321,-0.1908,-2.0475,-0.7318,-0.1827,-0.7371
SRSF2,-0.0517,-0.2573,0.73,-0.822,-0.5362,-1.1454,-0.1134,-0.6548,-1.5054,-1.0903
DHODH,0.2485,0.1838,1.3279,-0.2647,1.7547,0.2493,0.4272,-0.6256,-0.4135,-1.2829
ALDH6A1,-0.5992,0.1496,0.7396,-1.0275,-0.4822,-1.2353,-2.1504,-0.6893,-1.6564,-1.2678
CYP27A1,0.0179,-0.1817,0.2812,0.1578,0.0653,-0.9059,-0.2857,0.5038,-0.392,0.1147
BDH1,-1.2009,0.1972,-0.9364,-1.2792,-0.6131,-0.1655,-0.384,-1.0225,-2.6263,-1.4193
APBA1,0.6293,0.4856,-1.8147,-0.7286,0.2126,-0.5426,-3.6552,-1.3382,-0.9905,-0.1857
MAP3K10,0.315,0.1847,-1.4487,-2.7579,-0.968,-0.9765,-0.5136,-1.3204,-1.6526,-1.7114
CYP4A11,-0.8991,-0.4692,1.3461,-1.289,1.2913,-1.8438,-0.1815,-2.9384,-0.9277,-2.2623
ACY1,-0.8501,0.1699,0.6638,-0.494,-0.9024,-1.0367,-1.034,-0.6371,-0.3865,-1.0165
TNFAIP2,0.8496,-0.0465,-0.36,-1.055,-0.314,0.1755,0.8879,0.6144,-0.2876,0.4549
LMNB2,0.2746,0.767,0.3987,0.3259,-0.077,0.6568,1.1519,-0.3326,0.2327,-0.0105
MVK,0.213,0.6854,-0.3289,-1.3244,-0.2263,-0.1939,-0.4025,-0.4633,-0.8564,-1.411
CLC,-0.5852,-1.6111,0.6833,-0.5432,-1.4183,-0.5591,-0.1651,-0.2765,0.7546,0.0473
KDSR,-0.0119,1.7301,0.507,0.985,0.0701,-0.1028,-0.1373,-1.5994,0.9949,0.5134
AOX1,-0.5451,-1.0867,0.027,-0.1734,0.0332,-1.017,-0.7753,-0.0524,-0.7278,-1.9705
PSME1,1.0016,1.1682,2.0735,-0.4874,0.331,-1.6421,-0.0637,-0.7234,0.7571,-0.859
RBPJ,-1.1641,-0.4442,-1.3333,0.2782,-1.3862,1.1522,-0.0927,0.9461,2.1067,1.3486
SULT2A1,-0.7475,-0.0993,-0.061,0.2931,-1.1395,-0.5621,-3.1299,-1.5142,-1.4039,-0.5303
ENPEP,0.3569,-0.559,-0.2893,0.4698,0.2917,-0.7158,-0.6528,0.1021,-0.6764,-0.4009
KLC1,1.3836,-0.6459,-0.8877,0.6006,-0.2252,0.6742,0.4127,0.7072,1.7567,1.3069
PCDH1,0.7418,-0.7163,-0.5467,-1.6268,-0.3279,0.1175,-0.1639,-0.6365,-0.509,-0.9355
CRYZ,0.3205,0.6619,-0.7873,0.3782,0.7632,-0.7875,-0.1086,1.1776,-0.5984,-0.2956
LGALS3BP,-1.0558,-0.2195,0.0343,-0.2071,-1.312,0.4818,1.6243,0.7022,1.1692,0.0785
EHHADH,0.789,0.434,-0.4938,0.4636,-0.5245,-1.3153,-0.6952,-0.6138,-1.7349,-0.0431
SSRP1,0.578,-0.5472,-1.2813,-0.0538,-0.3191,0.9563,0.5366,-0.9127,0.5143,0.5872
ACSM1,1.1672,-0.0071,2.0885,-1.0769,1.7645,-0.5868,0.3689,-0.3186,0.6157,-0.7305
ACSM2A,-0.9795,0.8639,-0.2586,-0.0135,0.728,-1.737,-0.546,-1.4135,-1.0785,-0.9289
EP300,-0.8375,-0.4063,0.8667,0.5889,0.0218,0.8945,0.5733,1.56,0.6294,0.8878
CGNL1,0.8877,-0.273,1.1368,-0.7275,1.1795,-0.6166,-0.5382,-1.5322,-0.6661,-1.0192
NUP160,-0.5848,-0.1727,0.7867,0.1295,0.2172,-0.4801,-0.2919,2.0556,-0.1644,1.9307
STX4,-0.0563,0.0866,0.7089,0.8263,0.0207,-1.0849,-0.8913,-0.6618,-0.3394,-0.8562
TMEM115,-0.1189,0.2832,-0.2126,-0.2401,-0.9621,-0.63,0.5608,0.3702,0.2046,0.5037
ANK3,-0.5791,0.4304,-0.4546,-1.1624,0.3135,0.5803,1.2122,0.3592,0.2127,0.8363
ABR,-0.4158,-0.0761,-0.6205,-1.7608,-0.7399,1.1538,0.3601,0.3972,1.2938,0.0585
ECH1,-0.7864,0.166,-0.0569,-0.3891,0.1559,-0.063,-0.4081,-0.1902,0.8479,-0.638
COASY,0.4985,-0.1072,-0.3665,-0.1655,-0.0838,-0.2576,1.2726,-1.0848,-0.8545,-0.5826
SELENBP1,0.3517,0.2664,0.9249,-1.4695,-1.444,-0.8444,0.1837,-1.5347,-2.4653,-0.1558
TRIM28,0.3906,-0.4375,-0.3726,-0.3628,0.3079,0.3696,1.0651,-1.0139,0.2264,0.0593
PTK7,-0.5221,-0.8079,0.5472,-2.1482,-0.216,1.9741,3.291,0.919,1.7368,-0.4221
NNT,-1.7241,0.7233,0.0803,0.9756,-0.954,-0.5668,0.4532,-0.6425,-0.7508,-0.9534
MTM1,-0.3525,1.2233,0.1645,0.765,-0.3482,-0.728,0.6798,-0.2799,0.6896,-0.135
IQGAP2,-0.9108,0.5637,-0.2355,0.4594,0.0962,-1.6072,-0.6864,0.4095,-0.5091,-0.806
BLMH,0.6797,0.0916,0.0908,-0.7942,0.1074,1.1736,-0.0994,1.4382,0.4069,-0.1345
RAPGEF1,0.2184,-0.3539,0.1123,-0.3561,-0.2528,0.6097,0.5194,-0.4993,-0.1097,0.8039
CIRBP,0.1377,-0.1006,-0.6085,-0.4389,-1.0121,1.0246,0.7221,0.4981,1.0448,1.3077
BAAT,2.3146,-0.9291,1.4744,1.3067,-0.2698,-0.5516,-1.1463,-0.5674,0.6233,-0.1896
DPYS,0.5023,-0.194,-0.9754,-0.0295,1.0199,-1.7148,-1.3647,-0.4887,-1.3125,-1.17
DPYSL3,-0.8379,-1.7659,-1.3802,0.2724,-1.7085,-1.4106,-0.4571,0.8846,-0.0305,-0.2942
MAP7,0.4609,-1.0568,0.8427,0.7484,0.0763,0.3697,-1.4391,0.4731,-0.3522,-0.7685
FLOT2,0.1529,0.0961,0.9587,-0.5338,-0.3297,-0.0072,-1.0676,-0.0955,0.4236,-0.9417
GAMT,0.1906,-0.7972,0.2301,-0.0689,0.0784,-1.0291,-1.5757,-0.4107,-1.7923,-0.8524
SPARCL1,1.1969,0.8454,1.6693,1.2362,0.4487,-0.1919,-0.2269,-0.9468,-0.6458,-0.4677
SQLE,-1.2184,0.4915,0.2481,-0.9202,0.7842,0.2975,-0.1036,-0.5558,0.1954,0.2683
MCM6,0.3009,-0.6359,0.2754,1.0358,-0.4472,2.4066,0.2355,0.6973,0.114,0.8553
MDC1,-0.9053,-0.1328,-0.4854,0.3073,0.8622,1.3733,-0.5756,2.275,1.1468,0.4546
GNMT,-0.4657,-0.448,-1.2322,-0.4278,-1.177,-2.1095,-2.3717,-3.066,-1.5976,-1.1888
LTBP2,0.3295,0.6081,0.1554,-0.6274,0.6261,-0.2616,0.1557,0.0976,1.9648,1.8394
CRYM,0.9782,1.5533,-0.366,0.8418,0.3758,0.0581,-0.8883,-1.1537,-0.2429,0.0869
PTGR1,-0.7433,-0.2144,-1.083,-2.3367,0.0134,-0.5644,-0.8665,-2.7926,-1.4003,-3.0266
SLC10A1,1.2028,-1.1784,1.092,0.7919,-0.9986,-3.1737,-1.7356,-2.894,-1.9759,-2.5435
SLC68A1,-0.1999,-0.4657,0.9876,0.5214,0.5264,0.5297,0.8121,-0.0431,-0.0833,0.4139
EMC2,-0.584,0.4051,0.6109,0.6912,-0.947,-0.8376,-0.9108,-0.2985,-0.0601,0.5759
NCAPD2,-0.3434,-0.3458,1.1736,0.3868,1.2825,1.5547,0.2211,0.0587,-0.1427,1.8991
LARS2,1.1429,1.5461,0.9321,1.1272,0.0638,-0.8149,0.4094,0.1455,-0.0437,0.1271
ARL6IP1,0.4468,1.2975,1.3074,0.6425,0.9096,-0.5658,-1.4294,-0.351,-2.2559,-0.0877
POSTN,-2.7551,-0.5523,-2.2352,-0.1541,-1.0281,-1.8962,1.1028,-0.3832,1.788,0.4788
ACOX1,0.532,-0.4865,-0.2093,-0.111,0.8792,0.417,-1.4518,-0.0351,-2.479,-1.7447
PAFAH1B3,-0.6652,-0.9754,-1.1574,0.4155,-0.0785,1.0793,1.3243,0.9896,1.2986,0.7256
PON3,-1.2441,0.9123,-0.6698,-1.0027,-0.2748,-2.3212,-1.8453,-1.1138,-1.1097,-2.3068
RGN,-0.5481,0.71,0.2445,1.5159,0.7952,0.0853,-1.9541,-0.2211,-0.8791,-1.2801
NHERF2,0.4877,0.9496,0.6855,-0.1344,0.8291,-0.6853,-0.1775,-0.4866,-0.4364,0.1491
TRIP10,-1.2465,0.7164,-1.76,-0.9556,-0.3192,0.9008,0.4505,0.4789,0.7865,0.3647
MAPRE1,0.8519,0.5338,0.553,-0.5032,0.0061,0.5044,0.0994,0.8839,0.3682,1.0534
ETFDH,-0.9567,1.4387,-0.8074,0.1507,0.6425,-1.3329,-0.1107,-1.8984,0.4043,-0.8306
SMN2,-0.7291,-0.5131,0.2924,-0.7204,-0.8403,0.1889,-0.5056,1.6732,-0.0618,0.9544
PDK4,-0.217,-0.9381,-0.3471,0.13,-0.4572,-0.6446,-0.7482,-0.8102,-1.6427,-2.0172
DECR1,-0.3688,0.1138,0.3222,-1.2972,-0.0079,-0.4565,-0.7161,0.2188,-0.2993,0.2301
TST,-0.0695,0.6763,1.1273,0.9182,-0.6361,-0.8863,-0.9455,-0.4059,-0.2785,-1.2647
KYAT1,0.3828,-0.534,0.9862,0.128,0.3775,-0.5344,0.1048,-1.6444,-0.4057,-0.4449
HAGH,-0.2211,1.1694,-0.4977,0.5606,0.2956,0.0563,-1.174,-1.216,-0.0492,-0.4771
PCK2,-1.059,-0.3165,0.367,0.7002,-0.4198,-3.3435,-0.8055,-2.0928,-2.6813,-3.283
UGP2,0.3082,-0.2147,-0.485,0.747,0.1735,-0.0817,-2.3775,-1.3413,-2.5484,-1.4899
PDS5A,0.0506,0.5643,0.2232,0.5624,0.6094,1.9691,0.5192,0.152,0.8487,0.2334
HKDC1,2.1685,-0.1147,-0.48,-0.358,1.1808,-1.0481,-1.6741,1.31,-1.9515,-0.7981
TKFC,0.2239,-2.0409,0.0533,-1.4694,0.393,-2.366,-0.7242,-0.3146,-0.557,-1.1621
NADK2,-0.2528,-0.5172,1.0509,-0.6114,-0.87,-0.5651,-1.6844,-1.8023,-2.1803,-1.4446
ACSM3,-0.5393,-0.3478,0.0687,-0.1809,-0.6029,-1.4121,-0.9956,-0.5473,-1.2213,-1.5715
LACTB2,-0.6992,-1.0288,0.51,0.4456,0.4452,-1.0366,0.0825,-1.2956,-0.2466,-0.971
TMEM177,0.1717,0.8302,0.7299,0.7011,0.5499,-0.7806,0.5499,-0.1104,-0.3634,-0.6985
COBLL1,0.8633,0.549,0.2331,0.0213,0.1643,-2.4264,-0.2545,-0.7036,0.6333,-0.3774
TAF7L,-0.853,-0.1782,-0.7684,0.1319,0.0238,1.2384,0.2023,0.691,-0.1378,1.0865
MTX3,0.6536,0.6388,0.3224,0.5869,1.3484,-0.5882,-0.3169,-1.101,-0.9615,-0.3431
C3orf38,-0.2418,-1.3863,-1.3692,-1.5131,-1.6207,0.0367,-1.4714,0.8663,-0.7714,0.3959
COA6,-0.5359,0.6849,0.6869,0.5057,-0.3623,-0.1712,-1.0732,-0.4875,0.3199,0.1733
WDR45B,0.2504,-0.4776,0.7139,0.2535,-1.467,0.2051,-0.3882,0.5138,-1.1758,-2.7063
PHYHD1,-0.0987,-0.0898,-1.5018,-0.9945,1.6651,-1.1026,-0.3642,-1.3484,-2.3739,-1.0062
THEM4,0.9142,0.7909,1.0527,1.4004,1.0201,-0.9547,0.6514,-1.5837,-1.6763,0.8835
ACBD5,0.599,0.2007,-0.7435,-0.2583,0.0558,-1.4064,-0.8017,0.1801,0.727,-0.5762
CPTP,1.0681,-0.6236,1.0066,0.0796,0.7836,-0.6659,0.3274,-1.0629,-0.1114,-0.6861
DDI2,0.1813,0.1662,-0.2249,0.2665,0.2378,-0.1441,-0.2367,0.1849,0.259,-0.9073
RIF1,0.8698,-0.7762,0.6448,0.6704,-1.3568,1.0328,0.5831,0.3506,2.0402,0.4348
MTARC1,-0.2078,0.3691,0.768,0.227,1.0824,-0.1346,-1.9065,-0.8282,-0.8493,-0.1684
LYPLAL1,-1.7007,1.9262,0.5115,0.2437,0.9676,1.1095,0.077,0.1317,-0.4418,-0.6326
ACSM2B,-0.2563,-0.5917,-0.4585,-1.0937,0.1265,-3.0746,-1.2792,-1.4968,-1.3213,-1.9618
CWF19L1,1.8533,0.7582,-0.9033,0.0391,-0.4972,-0.0259,-0.2336,0.8969,0.1866,1.2386
BLTP3A,0.6393,0.9089,-0.6705,0.2715,0.3829,0.2739,0.0628,1.7522,0.7717,1.0615
ZNF787,-0.3873,-0.6265,-0.2352,0.033,-0.5331,0.8531,-0.1577,0.1846,1.263,1.2226
GLYAT,-0.7473,-1.3067,-1.3153,-0.7306,0.1791,-0.8408,-2.1143,-2.7015,-1.4311,-2.4066
KIAA0930,-0.5959,0.5328,0.2278,-0.1819,-1.0573,0.7597,1.2809,0.4003,1.4575,1.4218
ACAD10,1.1031,0.2011,0.3884,0.9374,0.2955,-0.9138,-0.8788,-0.4226,-1.4379,-0.6761
NIPBL,0.7674,-1.3595,1.0507,0.7841,-0.2394,0.9908,0.6413,1.435,1.275,-0.2664
SLC61A1,0.1623,-0.295,-0.1286,-0.5964,0.8318,1.3317,0.3051,-0.0379,0.5094,0.9824
RETSAT,0.2889,0.8236,0.5791,0.6739,0.3346,-1.2085,-0.5785,0.0844,-0.5024,-0.2096
ACSM5,-0.132,-0.6853,0.0201,0.3566,-0.3942,-0.6335,-1.1812,0.4209,-0.6793,0.6805
HIBCH,1.2806,0.016,-0.7125,-1.5588,-1.0766,-1.7322,0.4298,-0.562,-0.347,-2.3972
KANK3,-0.4093,0.6212,0.3245,0.11,0.462,0.4422,-0.4754,-0.3319,-0.271,0.816
FAHD1,-1.1768,0.9032,0.3067,0.8162,-0.0989,-0.7079,-0.1395,1.6557,-0.0673,-1.3053
SKIC3,0.1979,0.1829,-0.4955,0.2452,0.7825,-0.8276,0.3465,0.0631,-0.5546,-0.255
TMEM65,0.6813,-0.0485,-0.6602,-0.8682,-0.6029,0.3661,-0.9782,2.5214,0.9291,1.134
FBXO38,-0.0181,-0.5,-0.1092,-1.115,1.6434,-2.2143,-2.0702,-1.6492,-0.4193,-1.3256
DHRS11,-0.6191,1.2465,0.8545,0.7102,0.8431,1.2589,1.1021,-1.0491,0.6817,-0.2477
AGMO,0.5235,-0.9079,0.0862,-0.3334,0.7384,0.3538,-1.7008,-0.3602,0.387,-0.4677
GDPGP1,0.7522,0.548,0.5429,0.2117,-0.299,-1.0229,-0.0338,-0.4065,-0.4918,-0.646
PNPLA7,-2.0447,-0.2683,-2.0841,-3.4056,-0.6667,0.174,0.4844,2.5552,0.4162,0.8231
CYP4V2,-1.2026,-0.3836,0.3244,-1.524,-0.0245,-1.2589,-1.3097,-0.4594,-1.0594,-0.083
ACAD11,-0.7405,0.1427,0.1024,-0.7996,0.7841,0.7917,-1.0392,-0.631,-0.9598,-1.5838
IKBIP,-1.4046,-0.5432,-1.0733,1.3186,-0.0868,0.4419,1.396,-0.1575,0.1166,0.7617
COX15,1.2047,0.885,0.7314,0.6282,0.8235,-0.0276,-0.7745,-0.122,-0.801,-0.1007
MYH14,0.1245,1.9924,0.3971,-0.4467,0.3388,0.1516,0.8654,-0.5342,-1.1483,0.3356
LIMS2,-0.873,-0.0487,0.1071,0.2711,0.9334,-1.1888,-0.8311,-0.6047,-0.4616,-0.5068
HEATR3,-0.0525,0.0946,-0.0681,-0.0462,-0.7806,0.4354,0.5903,0.6803,0.1675,0.1795
DCXR,-0.4119,0.3236,0.6531,-0.3016,0.5697,-0.7458,-0.9099,-0.9676,-0.3331,-0.612
ZNF804A,2.6715,-0.7628,0.7417,-0.4081,-0.7815,-1.4489,-1.2862,1.7669,-1.6392,-2.6778
CMC1,0.4841,-1.2154,0.2199,0.2981,0.8617,-0.0212,-1.0906,-0.835,-1.2806,-1.5426
ACOT1,0.4985,-0.8224,-0.1059,-0.5902,0.6986,1.028,-1.5606,-2.0206,-0.579,-0.4617
SLC25A42,0.5494,0.0336,0.2242,0.6649,1.1868,-1.8856,-0.6553,-0.2033,-1.0811,0.9737
BPHL,-0.1485,0.1956,0.5415,-0.1229,-0.8499,-0.929,-0.0846,-0.8759,-1.171,-0.1447
LONP2,-0.0969,-0.2261,0.2488,0.6961,1.8559,-0.0089,0.2305,-0.9688,-1.3431,-0.5596
LDHD,0.0482,-0.7207,-0.135,0.2377,0.2124,-0.365,-0.5033,-1.0208,-1.0253,-1.4696
COA5,2.9255,0.9507,0.685,-0.0998,4.2085,-1.7045,-0.986,-0.0443,0.1613,0.5601
ECHDC2,1.1496,0.2657,-0.7953,-0.2526,0.131,0.3355,-2.0185,-0.2524,-0.947,-0.5002
PDSS2,0.3137,-0.1081,0.7996,0.7446,0.9256,-0.2401,-0.5742,-1.1205,0.2343,0.009
THNSL2,-0.3066,-0.0621,-0.021,-0.6026,-0.2218,-1.468,-1.0552,-1.2418,-1.7502,0.3384
ZNG1B,1.2247,0.4635,0.8575,0.9118,1.2017,-0.2821,0.4338,-0.1807,-0.476,0.2959
MMAA,1.229,2.1558,-0.5502,0.8062,0.0141,-0.0208,-1.6309,-1.4825,-1.1347,-0.524
NAXD,-0.427,0.3817,0.6105,0.3447,0.9787,-0.4895,-1.505,0.0999,-1.1245,-0.1818
ADHFE1,1.298,0.341,-1.3319,-0.8368,1.0829,-1.1432,-0.9301,-0.3482,-0.4018,-0.7595
CD302,-0.0972,-0.1697,0.6461,0.434,-0.1311,-0.3177,-1.1618,-1.6655,-1.6009,-1.754
NELFCD,-0.1554,0.9188,-0.5353,0.1733,-0.4294,0.4894,-0.4019,0.5177,0.5369,1.0603
DDX60,0.3923,-0.4729,0.9162,0.3844,0.3771,-0.2938,-0.6033,-0.1557,0.0012,-1.3513
FAM186B,0.1819,0.4327,0.8844,1.7125,-0.0239,-1.1456,-1.1585,-1.4139,-1.0124,-0.0245
THNSL1,-0.5512,0.3964,-0.9657,-0.2362,-0.0879,0.1932,-1.0538,-2.2858,-2.1564,-0.8562
HACE1,0.8632,0.7688,0.6864,1.0806,0.4062,1.6199,0.6184,0.9066,0.5491,1.1563
CLYBL,0.1559,0.2528,0.2213,-0.3766,0.0689,-1.343,0.3857,-0.6216,-0.7335,0.5221
ABCA6,-0.6153,-0.5482,-0.5313,0.0605,0.348,-0.3947,0.6598,-2.115,-0.4701,-1.141
NAGS,-0.4962,-0.5403,-0.9218,2.5016,1.3898,-1.7821,-0.0292,-3.8094,-3.5694,-4.6878
ARMC10,-0.4215,0.2216,0.1776,0.2123,-0.953,0.0683,-0.3525,0.0159,-1.945,-0.2989
GHDC,-0.0636,0.3037,0.7368,0.5307,0.0926,-0.0458,-0.7605,0.4859,-0.1441,0.4712
PYROXD2,-0.0813,-0.079,-0.266,1.0091,-0.2235,-0.3579,-1.1563,-2.395,-1.3023,-1.7755
ARHGAP18,0.2329,-0.515,0.7779,0.1566,0.1037,1.7022,1.8904,1.2892,0.8304,0.2177
CMYA5,-1.3053,-1.2344,-0.4891,-0.9545,0.1086,0.0426,0.6147,1.8918,1.0252,0.6116
D2HGDH,-0.1047,-0.1236,-0.2549,-0.0678,0.7155,-0.8542,-1.5355,0.3481,-0.5268,-1.5701
CBR4,-0.3893,-0.0867,0.7859,-0.7541,0.387,0.0945,-1.0159,-0.8236,-1.2391,-0.7831
DHRSX,0.1644,0.6254,0.9105,-0.3068,-1.1141,-0.5332,-0.3247,-0.3539,-0.7354,-0.4365
ATPAF2,1.1522,0.4162,-0.074,-0.1563,0.0581,0.581,-0.6006,-0.4945,-0.7947,0.2319
IGSF1,3.6225,0.8723,0.202,0.1182,-4.2936,3.278,2.1646,2.7006,0.6236,1.2195
KRTCAP2,-0.0545,0.3971,-0.0443,0.7315,0.2109,-0.997,-0.6354,-0.8003,-1.2866,-0.0908
C2orf69,1.0933,0.9617,0.677,-0.5208,0.1746,0.2874,-1.1779,-2.324,-0.54,-0.4739
ACOT4,0.5459,1.1074,1.0213,0.6626,1.5497,-2.1268,-0.2105,-0.095,-1.8622,-2.1115
NOA1,-0.708,-0.6215,0.829,-0.5733,-0.8212,1.3035,3.0772,1.9439,1.7467,1.8177
CHDH,1.276,-0.28,1.2939,0.4516,0.1688,1.5272,-1.1838,-0.6487,-1.3185,0.3469
MCFD2,1.6545,1.6417,1.3451,0.3998,0.2883,-1.1931,1.272,0.2301,-0.4089,0.8013
COQ8A,-0.1285,0.8325,0.4289,0.9941,0.5049,-1.0775,-0.0141,0.664,-0.0871,0.4733
NT5C,-0.401,0.1652,-0.1671,0.5947,0.1973,-0.1534,0.0675,-0.1525,-0.385,-1.0912
SFXN5,0.1175,-0.2202,-0.0998,-0.1192,-0.5048,-1.9687,-1.1475,-0.5988,-1.5807,-0.712
MICAL1,1.2352,0.6423,1.0617,0.2152,0.74,0.3296,0.3834,-1.0323,1.6206,1.8599
SH3TC1,-3.8106,-2.8585,-4.4491,-0.8328,1.5291,-3.334,3.5142,1.331,2.5722,3.6719
GIPC2,0.1883,0.2633,0.1655,1.2152,0.7263,-0.5739,-1.896,-1.105,0.0272,-0.736
ZNF384,0.3245,0.9214,0.5289,0.019,-0.3067,-0.8457,0.4405,0.3555,0.7418,0.4483
TGFBRAP1,-0.2238,-0.987,-0.5479,0.1931,0.8414,0.6404,0.8629,1.1896,0.2672,0.8833
NUDT8,0.3078,0.9112,0.643,0.6983,0.2919,-0.1803,0.3375,-0.825,-0.5738,-0.359
ZFAND2B,0.8476,0.4695,-0.169,1.0084,0.8403,-0.7894,-0.4705,0.1405,0.1067,-0.0363
CANT1,-0.0364,0.1135,-0.0103,0.7184,-0.4414,0.3826,1.4336,0.8232,1.6466,0.4603
SPRYD4,0.2171,-0.3895,0.2605,-0.7783,-0.0855,-1.6071,-0.1179,-0.102,-1.8126,0.3295
LMO7,1.8582,0.2905,-0.1489,2.0673,-0.5824,-0.3573,-0.2553,0.49,-0.1401,-0.6891
DNAH7,-1.5635,-1.0004,-1.615,-0.6403,-1.2059,-1.0868,1.4538,-0.166,-0.878,0.1384
DNAJC9,0.2045,-0.6167,0.3237,-0.3003,0.9479,0.912,0.4939,0.3377,0.6274,0.9522
GTF3A,0.4902,0.3913,0.5335,0.1916,0.3262,-1.1653,0.4142,0.0658,-0.4878,0.8917
ANP32B,-0.1227,-0.7543,0.3102,0.0522,0.0503,0.261,0.7537,0.3532,0.813,-0.5709
ABCC2,-0.3058,1.4871,-0.5829,-0.4471,-0.3175,-1.746,-2.5721,-0.9275,-0.6228,-0.7795
SMARCC1,-0.0722,0.0349,0.5934,-0.0982,-0.3168,0.8232,1.3136,1.7883,0.6253,1.0398
RAB8B,0.2839,-0.3089,0.1423,-0.5196,-0.6547,0.846,0.5117,0.7728,0.6747,0.2478
GCDH,0.0125,-0.8859,1.0987,-0.9789,-0.1014,-1.4458,-0.2261,-0.9082,-1.0498,-0.0122
ARHGEF2,-0.2726,0.0615,-0.9657,-1.2561,-0.2193,0.5616,1.2097,0.7254,0.9208,-0.333
BHMT,1.2912,-0.3814,0.3208,-0.9289,0.0034,-2.0201,-0.5901,-1.2486,-0.9347,-0.3898
HGD,-1.2672,-0.7488,0.3313,1.8836,-0.2319,-0.525,-1.1854,0.7531,-2.737,-0.9947
SCAMP4,-0.5584,-0.9532,0.3033,0.2325,0.0424,0.7458,2.1817,0.6777,1.022,0.5024
TSR2,1.0053,0.6853,0.582,1.919,1.5342,0.2034,-1.2605,-0.0951,1.7424,-0.0169
SMARCE1,0.4502,0.6122,0.0273,-0.48,-1.2421,0.9642,0.2474,0.7212,0.0393,0.5102
GLYATL1,0.4749,0.7645,-0.9415,1.9093,-0.3028,-3.1601,-1.2295,-1.0527,-0.8971,0.5847
IGSF8,-0.0014,0.1026,-0.7727,0.9392,0.373,-1.3305,-2.6517,0.3287,-2.0492,-1.4829
RAB24,0.3003,-0.5273,-0.6854,-1.0209,0.4934,-0.888,0.9603,-1.1271,-1.0883,-0.8987
MUL1,0.4213,0.0474,0.6149,-0.2191,-0.4303,-1.4163,-1.6393,-0.7453,-0.6315,-0.8047
UTP4,0.5322,0.5244,-0.2704,-1.0124,-0.3883,0.2426,0.2134,0.1928,0.2153,0.351
TBRG4,0.2299,0.7343,0.8252,0.0654,1.3696,-0.4921,-0.8733,0.3214,-0.3948,0.2859
MTARC2,-1.4385,1.9352,1.2952,-0.6358,-0.6165,0.8555,-1.286,-1.3721,-2.6446,-0.9424
SYAP1,0.2312,0.8697,-0.5617,-0.6437,0.6907,0.555,-1.1901,0.6056,-0.1011,0.6126
ISOC2,0.3009,-1.2793,0.2483,1.0294,-0.2298,-0.6358,-0.4993,-2.2544,0.6913,-0.9667
TMEM143,0.9775,0.4598,1.6345,0.8904,0.3303,-1.4445,0.0335,-2.3007,-0.0993,-1.624
MCUR1,1.3856,0.8226,1.0718,0.7817,-0.1648,-0.4613,0.3297,0.0688,0.5922,0.1909
FKBP10,-1.8816,-1.6502,-0.4311,-3.7087,1.6986,1.6548,2.7197,-1.0876,2.7435,4.0818
CHCHD1,-0.66,1.2261,0.5317,-0.8615,0.975,0.0749,-1.2184,0.3745,-2.179,-2.0239
ACSF2,0.3636,0.2729,-0.332,0.9122,0.685,0.044,-0.756,-0.1643,-1.0189,1.0188
ECHDC3,-0.4315,2.0075,0.2769,-0.9021,1.3913,-0.4395,0.1667,0.4783,-0.2622,-1.0397
CMBL,0.5896,-0.0737,0.3924,-1.5394,0.2299,-1.3458,0.2134,-0.4875,-0.7482,-0.5805
MSI2,-0.6029,1.1474,1.3932,0.326,1.1255,0.3865,0.2343,0.7938,1.0569,0.5035
OMA1,0.6781,0.5499,-0.1732,0.6676,0.8587,-0.0367,0.5071,-0.8064,0.1276,-0.7803
ELP4,-0.0491,0.1724,0.0297,0.2104,0.3635,0.1172,-0.414,-0.9938,0.2561,-0.6505
SLC47A1,0.3387,0.7921,0.5705,1.3733,0.8212,-1.5898,1.1381,-0.6425,-0.9491,0.0481
SDSL,0.0376,0.1446,1.6395,-0.3371,-0.3676,-0.7591,-0.077,-1.9185,-2.2464,-1.2618
RUSF1,-0.6672,0.0189,0.5451,-0.2455,-0.5497,-0.3411,0.1091,-1.3422,0.085,0.0834
FMC1,1.3829,1.5833,2.3286,0.3899,0.7428,-0.7832,-0.4661,0.6941,-1.4869,-1.1202
OXNAD1,1.2412,0.9574,-0.1415,0.8258,0.4181,0.1357,-0.9971,-0.2414,1.0428,-0.5811
DHTKD1,0.0464,0.5829,-0.284,1.9102,0.1506,-1.2512,-1.6997,-0.1593,-0.3426,-1.4301
SUCLG2,0.6108,-0.7394,0.3573,0.5307,1.3432,-1.2177,-1.5464,-1.2984,-1.5841,0.1471
ABHD14B,1.3853,0.4191,1.1278,0.2726,0.0924,-1.2197,-1.2018,-2.1751,-0.7498,-0.9894
THOC3,0.5434,0.1503,-0.0042,-0.4315,0.1374,1.0501,-0.0846,0.6577,0.7454,0.1718
SEC16B,0.0973,0.6388,-0.2637,0.7177,-0.1062,0.5685,1.4121,-0.7042,0.2187,-0.6155
SERAC1,0.5999,-0.3574,0.3673,-0.1946,0.0819,-1.5622,-0.7929,-1.4816,-0.9051,-1.277
PDLIM2,-0.2831,-0.0261,-0.9177,0.0353,1.3293,-1.7775,0.134,0.4539,-1.8148,-2.4411
CLPTM1L,0.4245,-0.0699,1.3364,0.269,-0.2182,-1.124,0.1781,-0.7888,-0.4308,0.1
ZFR,-0.0151,0.1847,0.198,0.517,0.4748,0.6256,0.7549,0.5565,0.0525,0.8433
B3GALT6,1.0725,-0.8985,-0.8199,-0.8892,0.2435,1.0092,0.5782,0.039,0.7564,-0.4201
RMDN2,-0.1542,0.3561,-1.1316,-1.3287,0.8522,-1.4056,-0.1808,-1.0848,-1.0904,-0.6697
TLCD4,-0.5469,0.1185,-0.2179,-0.8326,0.2527,-0.9094,-0.8398,-1.5292,0.3047,-0.1631
UROC1,0.5968,-1.041,-2.8777,1.8723,-0.7258,-2.5695,-1.0658,-0.0979,-1.6332,0.0459
SFXN2,1.355,-0.2551,0.0451,1.2615,-1.4751,-0.0652,-1.0207,-0.3091,-0.1766,-0.2209
AMDHD1,-0.3287,-0.7088,1.6553,1.3592,-0.7541,0.4347,-0.9476,-0.5788,-0.713,-1.1291
MCEE,0.454,-0.0363,-0.3807,-0.8539,-0.619,-1.8566,-0.9115,-1.6025,-1.0703,-0.1354
FMNL2,0.3888,-0.9476,-1.0071,1.1273,-0.3475,0.2109,-0.9808,0.994,1.4665,-0.1188
SLC38A2,-0.3166,-0.8855,-0.7295,-2.7311,-0.7623,1.62,0.2292,0.8234,0.121,1.091
MCCC1,-0.2499,-0.7572,0.8374,0.5541,-0.5225,-0.2837,-0.2559,-0.1823,-1.8223,0.0734
WDR24,0.5649,0.659,1.9886,0.9518,0.6463,-0.8794,0.7162,-0.4977,-0.346,-0.0477
PIGS,1.2197,0.8084,0.2128,0.511,-0.0702,0.9863,0.9439,1.5166,1.5156,1.2129
RANBP9,0.0009,0.5183,0.1276,-0.3362,-0.0183,0.9126,1.2995,0.787,0.3065,0.8996
STRBP,-0.0171,0.024,0.4409,0.4971,-0.4189,0.1885,-0.0523,0.9352,1.3611,0.3595
RMDN3,-0.292,0.852,0.2083,0.1619,-0.9279,-0.2273,-1.3042,-1.4414,-0.9141,-1.0742
ACOX2,-0.2915,-1.3287,0.7126,0.8562,-1.7595,-0.191,-1.7128,-0.2943,-1.0815,-0.9988
PCYT2,0.165,1.0397,-0.4951,0.6614,0.9704,0.2033,1.2102,-0.5762,0.3542,-0.3115
PKP4,1.6093,0.8007,0.553,1.6566,0.4854,-1.0102,-0.4265,0.3135,0.8171,-0.0174
SEPHS2,1.0916,-0.7506,-0.1208,-0.0143,0.1054,-0.2939,0.1238,-0.658,-0.2561,-0.3829
SDHC,-0.1391,0.4472,0.4256,0.4101,0.5522,-0.4696,-0.8363,0.3946,-1.3684,-1.0447
HSD17B10,2.0929,-0.4274,-0.6358,0.7426,-1.1133,-0.5587,1.0131,-1.4232,-1.7117,-1.393
COL12A1,0.6101,0.7845,-0.4767,0.4444,0.989,1.9162,0.3496,-1.2334,-0.0929,0.2106
DMAC2L,0.0704,0.1098,0.8341,0.9203,0.1187,0.2474,-0.1633,-0.3257,0.141,-0.3215
ACO2,1.4174,-0.3487,0.1177,0.314,0.5999,0.5088,-0.144,-0.8501,0.2939,0.2497
VRK1,-1.1739,0.0546,-0.9509,-0.3643,-0.5152,1.203,0.7641,-0.1249,1.2478,-0.2188
NIPSNAP1,0.3105,-0.4481,-0.1509,0.426,0.4373,0.4033,-0.5377,-0.28,-0.7734,-0.3625
PAIP2,1.0296,0.6268,-0.6507,0.9487,0.9735,-0.7275,-1.1801,0.8875,0.1501,-0.3896
RBM4B,-0.4016,-0.2255,0.9617,0.3107,-0.0739,1.0292,0.2893,1.5831,1.5004,0.4837
MACROD1,-0.4186,-1.7148,-0.9743,-0.8817,0.0791,-0.9045,-1.5684,-0.8751,-0.3627,-0.348
RTP3,-1.8383,0.1221,-1.2669,1.2621,1.1319,-2.1893,-2.0432,-1.7059,-3.6886,-0.8236
CPPED1,0.1928,1.1553,-0.4464,-0.0753,-0.7624,-1.0681,-1.2057,0.4807,-0.8311,-0.1944
UQCC2,0.4037,-0.0736,0.5178,0.93,-0.0404,0.5386,-0.3523,-0.1553,0.3891,-0.2522
PRXL2A,0.3097,0.0743,0.3711,-1.3066,-0.9383,0.0274,0.3089,-0.9928,-0.5474,-0.1873
AGMAT,0.5492,-1.5131,-0.6478,-0.2283,0.5568,1.3607,-0.7058,-1.5994,-0.2281,0.4683
TACO1,0.6126,-0.2509,1.336,1.0854,-0.3526,-0.049,0.4751,0.6323,-0.4302,-0.6783
DHRS4,0.8301,-1.1848,0.1781,-1.3169,0.6963,-1.251,0.011,-0.6315,-2.0489,0.1399
ISCA1,1.3426,0.9327,-0.0746,0.2046,0.4812,-0.9055,0.5627,-0.3859,-2.1308,-0.2664
DERL1,0.1828,0.3325,0.1715,0.8156,0.9869,-0.0233,-0.3643,-0.201,-0.1677,-0.618
TMED9,0.6605,0.5971,1.1731,1.0211,-0.0138,-0.0582,-1.0026,-0.1245,-0.771,-1.0412
NUDT9,0.7059,-1.2675,-0.6506,0.4003,0.574,-0.3311,-1.1393,-0.6307,0.1769,0.3042
ACAT2,-0.1776,0.564,0.0839,-0.6398,-0.3446,-1.7492,-0.9307,-0.1592,-0.4291,0.024
CARD11,0.0227,0.7886,0.0736,0.8469,0.1532,-0.6718,-0.3152,-1.0901,-0.8989,-0.4017
ASPN,-1.1131,-2.8735,2.2599,-1.6122,-0.6807,1.9148,-0.7002,-1.292,0.5776,-2.4557
TMEM59,-0.2459,0.1373,-0.233,-1.1485,1.1072,2.7888,3.7433,2.5275,2.0817,2.9079
PECR,0.1689,-0.5409,1.4126,-0.1311,-1.0298,0.5712,-0.7809,-0.8573,-1.7114,0.8758
NLN,-0.5134,0.1816,0.6221,0.369,0.1207,-1.258,-0.798,-0.2837,-0.7864,-0.2756
AGXT2,0.2303,0.5222,-1.7531,1.8051,0.3194,-1.8755,-0.7411,0.5853,-3.3693,-2.1079
NIBAN1,-2.399,-0.1683,-0.0184,-0.3694,-0.9033,-1.3969,0.7054,1.6441,-0.1315,0.7631
ZDHHC5,-0.2971,0.7432,0.3063,0.1168,0.1178,-0.2244,0.1742,-0.6962,-0.2262,-0.0435
SRCIN1,-0.5731,1.4098,-0.405,-0.2789,-0.4904,0.4456,-0.4074,-1.4274,-0.0285,-0.6486
CCDC90B,0.7966,0.106,-0.3587,0.8891,-0.1242,1.2834,-2.2585,0.9613,-0.9295,-0.4584
LHPP,0.396,-0.7324,0.42,-2.3341,-0.8016,-1.6348,-1.8888,-1.088,-0.6249,-0.3805
TMEM126A,0.813,0.2585,0.8914,0.7417,1.2382,0.0903,-0.3663,-0.9337,-0.7843,-0.7212
CLPB,0.3381,0.6991,0.9758,0.5016,0.5432,0.0647,-0.3433,-0.5967,-1.1103,-0.4542
SAP130,0.2448,-0.3552,-0.1179,0.2414,0.2691,0.0259,1.0854,1.1519,0.0002,0.1564
MRPL18,0.7063,-0.3356,-1.9497,-1.3111,-0.4154,-0.4811,0.1027,0.4498,1.5633,0.1984
DNTTIP1,0.536,0.737,0.7401,0.0914,-1.1773,0.9425,1.2741,0.6367,1.6669,1.1676
SH3BGRL3,0.0955,0.3723,-0.0301,-1.5402,-0.4749,0.9419,-0.1293,0.1828,-0.2561,1.2554
ALDH8A1,0.9823,-1.7568,-0.6558,-1.5397,-0.1565,-1.1577,-0.8352,-1.3475,1.4324,-2.7995
HSD3B7,-0.3674,0.3333,-0.2915,-0.2514,0.0098,-1.0325,-1.0497,-0.2664,-0.8112,-0.6375
BHMT2,0.2426,-0.9069,-0.5595,-0.1232,-1.7205,-3.5573,-1.6667,-1.5657,-0.4773,-1.7969
PPA2,0.6783,0.0722,0.3664,1.1844,-1.0793,-0.1395,0.8886,-0.2181,0.599,-0.7622
OSGEPL1,0.6166,0.6645,-0.9809,-0.2138,-0.1617,0.2555,0.2921,-0.1086,0.257,-0.4654
CIAO3,1.2201,0.3175,0.3547,0.11,0.8286,-0.891,0.1662,-1.4288,-1.4036,-0.0524
ACSS3,0.1528,-0.099,0.8273,-0.2048,0.0758,0.2371,0.3335,0.3565,-0.9218,0.121
ACAD9,0.0416,0.0657,-0.7647,1.5499,0.0904,-0.0025,-0.4534,0.4702,-0.1458,-0.6804
TMT1A,0.1536,-1.0285,-0.6526,-1.4527,-1.0223,-0.8022,-2.1529,-1.8482,-0.9162,-1.2573
COQ10B,2.3906,2.246,-0.2239,1.0788,1.2545,-1.5886,-2.4096,-1.0536,-1.2004,-1.4408
SFXN1,0.6382,-0.2056,-0.4894,0.4025,0.5984,-1.4856,0.003,-1.9056,-1.0623,-0.8359
XPO5,-0.2898,-0.2333,1.7037,-0.4605,2.157,1.1067,0.8323,1.1377,2.7706,-0.0309
GRPEL1,-0.466,-0.2125,0.3332,-0.8857,0.3264,0.8482,-0.2211,-0.529,-0.7547,0.2969
RDH14,-0.0178,1.6192,1.6725,0.6454,0.481,0.2898,0.3291,-0.8354,-0.6642,-1.1517
CYP4F11,0.4494,0.658,-0.9755,-0.2507,-0.9733,-1.5357,-0.3613,-1.4017,-1.0513,-2.1258
SLC38A10,0.4627,0.3485,0.0104,0.2771,0.4594,-0.5481,-0.8748,0.746,-0.4585,-0.1935
MCCC2,0.741,2.5069,-0.8406,0.3476,-0.4641,-1.4336,-1.5609,-1.8452,-1.0848,-2.0898
PREB,0.936,0.3386,0.5848,-0.0105,0.0558,-0.2083,-1.1806,-0.6407,-0.9767,-0.9975
SEPSECS,-1.2069,0.9486,-0.3174,0.8386,0.7795,-1.401,-1.2776,1.0027,0.4968,-0.6171
APMAP,0.3262,-0.2267,0.4352,-0.2805,-1.0992,-1.2487,-0.4129,-1.1301,-0.4679,-1.095
PALMD,-0.334,0.7142,0.326,0.1612,0.7308,-0.1912,0.428,-0.7939,-0.7746,-1.3331
PNPLA8,0.5187,1.3572,1.5588,1.3545,-0.3025,0.6262,-1.1314,0.5149,-0.2466,0.3972
ACOT13,-1.2816,1.2428,-1.4152,-0.6121,-0.9445,-2.5949,-0.7308,0.995,1.8629,-0.7281
RTN4,1.2067,0.5887,0.775,0.1875,0.5628,0.0289,-0.7507,-0.4007,-0.3874,0.2308
MYO5C,-0.8751,-0.1943,1.1234,0.6214,0.7457,0.8395,1.0385,1.4957,1.8701,-0.4865
ACSS2,-0.7737,0.8474,-0.1323,-0.3761,-0.7358,-0.951,-1.4743,0.6832,-0.6221,-0.644
SPTBN5,0.2079,0.4598,0.4487,0.5347,-0.6127,2.6209,3.3391,2.4664,2.818,3.0898
SDR39U1,0.4039,-0.6602,0.3747,-0.0191,0.3716,-0.5063,-0.1613,-0.267,-0.2698,-0.2295
MAN2C1,0.4171,0.2584,0.7732,0.687,0.0494,-0.1324,-0.4018,-0.9032,0.4099,-0.3465
ECHDC1,1.473,-1.0576,-0.3215,0.0845,0.8454,-0.2455,-0.3068,-1.297,-1.3174,-0.2985
DECR2,-0.695,-0.0309,0.7932,-0.3904,1.6746,0.4909,-1.7398,-1.2298,-2.3098,-1.1103
ABCB8,0.7533,-0.0859,0.536,-0.874,0.7758,-0.8546,-0.4512,-0.5259,-1.364,-1.2797
TDP1,-0.6552,-0.8066,-0.6333,-0.8264,-0.8747,0.0655,0.4529,0.5176,1.0447,0.7077
IMP3,1.1346,0.5177,-0.3427,0.2019,0.2802,0.1273,0.4919,0.6093,1.8,-0.6232
SLC38A7,1.1829,-0.2844,-0.5825,1.1652,0.8583,-0.3024,-0.6132,0.2491,-0.7789,-1.2687
USP40,0.7352,1.171,0.1922,0.2539,0.4198,-1.127,-0.0418,-1.0213,-0.0829,0.3101
ETNK2,-0.0972,1.6138,-0.8785,1.2278,0.8179,-2.4813,1.035,-1.1688,-1.8152,-2.2359
TBC1D13,-0.4752,-0.4127,-0.2574,-0.5277,0.1007,0.0086,-1.0358,0.1694,-1.3277,0.509
PNPO,-0.5989,0.1231,0.8503,-0.5796,0.6905,-1.1412,0.2406,-1.098,-1.3984,-0.433
RMND1,0.2056,-0.0151,0.1827,0.4183,1.1727,-1.5208,-0.4562,-0.1289,-0.3636,0.2437
OXSM,0.2192,0.1554,0.6055,0.3198,0.0361,-0.0263,-0.7035,-0.6795,-0.6313,0.4586
MARCHF5,-1.1368,0.934,0.7271,-0.255,0.8848,0.0949,0.1601,-1.6959,0.6049,-0.5999
SIRT5,0.6392,0.6764,-0.4276,0.6214,-0.0924,-1.9077,0.3027,-1.0231,-1.0773,-0.7692
GDAP2,1.564,1.243,1.8326,-0.0058,0.5757,-0.21,1.7515,-0.2079,0.96,-0.0594
STAB1,-0.4423,-0.2878,-0.2367,0.2667,0.7695,0.7504,1.29,-0.1132,0.2455,0.0436
CYP39A1,-0.1347,-0.6536,0.1854,-1.0945,-0.3438,-0.8743,-2.9953,0.2315,-1.6218,-2.9642
CISD1,0.427,0.352,0.2827,0.9279,0.7813,-0.219,-0.1274,-0.4608,0.6695,-1.2875
GDE1,0.4231,0.3423,1.1531,-0.6427,-1.6178,-0.9667,-0.8318,0.4777,-2.5133,0.1147
MAT2B,1.2802,0.1051,-0.2858,0.0926,0.2728,-0.1227,-0.6171,0.3017,-0.8411,-1.1085
MYOF,0.8035,-1.6729,-0.1565,2.2763,-0.0158,0.0767,0.8555,0.8603,1.0152,1.3825
COMMD9,-2.0074,1.0764,-0.555,-0.0102,-1.5426,1.7278,-0.0178,0.5868,-0.7824,-0.8546
PIPOX,0.4846,-0.3505,-0.6532,-0.4977,0.4925,-1.6508,-1.2735,-1.1756,-2.6013,-2.2721
JCAD,0.065,-0.7565,0.6164,0.5475,0.358,2.48,1.0236,1.5838,0.6399,2.9641
BCCIP,1.2019,0.1262,0.3306,0.8613,0.0394,0.4613,1.2963,0.8623,0.9193,0.3643
MYEF2,-3.2954,-0.6968,0.1927,-1.3112,0.8995,0.0486,-0.4179,0.8954,0.875,2.0089
CGN,-0.2848,1.0899,1.4741,0.1872,1.014,-1.0047,0.3628,0.3448,0.2269,-0.337
HDAC6,-1.4681,-0.1246,-0.1154,-0.3201,0.3192,-0.7153,-0.951,-1.087,-0.8876,0.1797
GRHPR,-0.674,-0.5485,-0.4984,0.1856,0.2864,-3.9094,-0.414,-0.0575,-2.195,-2.128
UPB1,-0.357,-0.5599,0.0903,-1.3498,-0.8,0.1456,-1.4915,-0.0506,-0.6398,-2.076
MORF4L1,0.4005,0.0471,-0.1115,0.2173,0.3251,1.0353,1.2562,0.8947,0.0576,0.4809
BIN2,1.1349,-0.0031,0.8406,0.3411,-0.2507,0.481,0.3076,-0.565,0.3357,0.9474
SLC25A10,0.0579,0.6484,0.905,-0.1231,0.1445,-0.902,-0.7877,-1.0594,-0.8334,0.5208
AASS,-0.9244,-0.0269,-0.569,0.8797,0.9937,-0.4688,-0.9495,-1.4122,-2.2399,0.4611
UQCR10,-0.0751,1.109,1.4383,0.095,1.4204,0.6186,1.4204,-0.4075,-1.0868,-0.4376
MALT1,-0.3952,-0.5106,-0.8565,-2.0175,-0.1948,1.934,0.7789,0.8899,0.8618,0.7274
NIPSNAP3A,0.8206,0.5093,0.0983,-0.1822,0.1353,-0.0687,-0.4345,-0.0686,0.0039,0.2326
TES,0.7671,-0.0205,-0.9264,-0.2971,-0.0427,-0.4949,1.613,0.7983,0.9545,1.5979
AMACR,-0.5633,0.7811,0.0175,-0.0653,-0.7219,0.6509,-1.6277,-0.4276,-3.3017,0.1088
BCAP29,1.4238,0.8687,0.68,1.0446,2.1428,-0.7438,0.7361,-0.2487,0.2698,0.1373
CYB5R1,0.0319,0.3064,-0.432,0.9896,-0.8656,0.1112,-0.4581,-1.0129,-0.1105,-1.2666
DMGDH,-0.1355,-1.0945,0.1409,-0.7676,-0.4572,-0.5632,-1.2624,-0.7939,-1.7485,-0.3422
GLS2,1.1866,2.0714,-0.255,0.3454,-1.8671,-0.4376,-1.0633,-2.1487,-0.6663,-1.9511
ATP5IF1,0.2456,1.19,-0.3669,1.7427,-0.3595,-1.1209,-0.9789,0.7101,-0.6825,-1.4224
AK3,-0.6861,-0.2021,-1.1714,-1.1467,1.6061,-1.9547,-1.5012,-1.5385,-1.5842,-0.7045
HAO1,0.7156,-0.1956,-0.8716,0.9526,-0.0426,0.3707,-2.5179,-0.7444,0.5075,-1.1431
SLC25A13,0.1759,0.5156,-0.0415,0.1194,0.1026,-0.771,0.4394,-0.0612,-0.1985,0.1654
CDC23,0.1576,-0.1605,-0.0535,0.3236,-0.3384,-0.5515,-0.5614,1.0861,-1.97,-0.3515
FBXO2,4.045,1.0129,2.2069,0.9712,-0.4791,-4.6963,-0.0695,-1.9242,-1.971,-1.4013
DNAJC12,0.7538,1.0822,-0.0064,-0.3458,-0.7003,-0.7433,-0.0893,-1.0996,-2.1604,-0.6431
PARP4,1.2099,-0.842,0.5643,0.7836,0.3652,-0.8366,0.6051,-0.5275,-1.3908,-1.8411
NUDT5,1.2823,0.8397,0.4764,0.1135,0.0526,-0.9258,-0.4831,-1.6433,-0.6924,-0.4003
PCTP,0.3423,-0.0978,0.4677,0.8431,0.646,-0.5694,-0.8801,-1.5525,-0.3869,0.2498
SARDH,-0.0029,1.2511,-1.4897,-1.194,0.4056,-0.7823,0.0532,-1.005,-1.6837,-1.1627
ZNF346,-0.963,-0.7609,0.2895,0.2396,-0.0152,-0.1078,0.5734,0.1402,1.3408,0.4608
PSME2,-0.4604,0.2001,-0.1966,1.0611,-0.2526,-1.3093,-1.7556,-0.499,-0.8135,-1.3269
DNPEP,1.1188,0.7772,0.3219,1.2335,0.7741,-1.1456,-1.2872,-0.0716,-0.3475,-0.4959
ACSL5,-0.7869,0.6474,-0.6971,-0.0527,1.4748,-1.9014,-2.8009,-2.2876,-0.2692,-0.9985
OGDHL,-0.1001,-0.4475,0.4612,-0.7582,0.297,-1.6061,-1.7582,-1.5204,-1.281,-0.9825
BOK,0.1574,-2.7546,-0.6167,-0.3079,1.0997,-1.9709,-1.0486,-0.0599,-2.1438,-0.877
NDRG2,-0.8782,-0.6094,-0.8789,-0.8146,2.3038,-0.4953,-0.263,-0.8135,-2.708,-0.9011
MAGED2,0.9056,-0.5833,0.8224,0.6207,1.5078,0.3525,-0.173,0.3959,1.785,-0.7379
CYP8B1,-1.2563,0.2759,-0.1019,0.2179,0.8836,-1.3818,-2.3194,0.4623,-1.6975,-1.7414
USP24,0.4103,-0.5054,-0.3078,0.0282,0.3979,0.042,1.1824,-1.0669,0.7147,-0.2693
DICER1,0.662,-0.3332,-0.9925,0.0881,0.2745,0.9256,-0.4267,0.0147,0.403,0.3729
CHKB,0.5431,-1.8121,0.1892,-0.3426,-0.8099,-1.6817,-1.232,-4.1169,-1.6466,-1.7953
CFL2,0.36,-0.5719,-0.1608,1.0629,0.6814,-0.1115,-1.0879,-0.3617,-0.9027,-0.8763
LRCH1,0.0622,-0.4902,0.6567,-0.2505,0.1767,1.3735,1.1409,-0.1983,0.8189,1.0416
SLC27A5,0.8808,-1.0199,-0.5874,0.9782,-0.6867,-1.6706,0.1073,-1.4318,-2.0754,-2.2184
GSTK1,0.7469,-0.4397,0.3337,0.7473,1.4353,-0.2197,-1.2038,0.1442,-0.9085,-1.5754
LAMTOR2,-0.3931,0.7944,-0.1443,-0.257,0.9412,-0.4647,-0.3572,-0.6007,0.8657,0.7137
COA3,1.3736,0.6696,0.3187,0.5387,0.6015,-1.0544,1.32,0.1331,-0.0348,0.1847
CRYL1,0.4587,-0.0058,-0.274,0.3986,0.2818,-1.175,0.0431,-0.5721,-0.3335,0.0283
GDA,-0.1958,0.0317,0.4119,-0.7716,-0.171,-1.0401,-1.8741,0.6501,-2.222,-2.1378
NDUFAF1,1.2481,0.8584,-0.2694,0.7897,1.3477,-0.1782,1.5265,-1.2765,0.2913,0.5978
MSRB2,1.0986,0.1148,0.0375,0.6971,1.0307,0.1326,0.5255,-1.3231,-0.6128,-1.2523
AK6,-0.3952,0.5732,-0.0538,1.673,0.0053,0.4906,0.5228,0.0087,0.4094,1.2287
PTRH2,0.385,-0.1854,-0.2681,0.0304,0.3598,0.3679,-1.225,-0.5834,-0.2917,-1.5351
DOP1B,-0.3876,-0.3178,-0.3705,0.0777,-0.0822,0.2892,0.7352,1.3228,1.2848,-0.3312
CHTOP,0.3637,-0.17,0.0655,-0.3257,0.0389,0.7862,0.2699,0.0456,0.362,0.8448
WDR7,0.1944,0.4328,-0.8305,-0.1011,0.5351,-0.2364,-1.3843,-1.5362,-1.1499,-2.4069
TIMM9,0.563,1.0487,0.9956,0.5233,0.7759,-0.433,0.3581,-0.0464,-0.149,-0.1934
TIMM13,0.288,0.0404,0.7519,0.0742,1.3533,0.6018,-0.9143,-0.296,-0.7594,-0.5509
MPC1,2.0456,0.0739,0.6439,0.7985,-0.5177,-1.4307,-1.7302,-1.457,-3.1335,-0.236
SLC25A15,1.2701,0.0695,-0.9156,-0.4284,-0.3126,-1.7041,-0.5215,-0.5529,-1.7909,-0.6065
GPC6,1.1039,1.3621,2.0236,-0.5651,1.9955,0.7327,0.569,1.2009,0.5761,1.2503
ALG5,-0.5624,0.1269,1.0987,0.2427,0.3694,0.0497,0.493,-1.3085,0.1193,-0.4242
CEPT1,0.0414,0.884,-1.2423,-1.071,-1.9415,-1.6512,0.1218,-1.2469,-2.3973,-1.5913
SLCO1B1,-1.7174,-1.3523,0.1717,-1.4013,0.9003,-1.3977,-1.2399,-1.6063,-0.5482,-0.5378
IGF2BP2,-0.0588,0.1983,-0.671,0.173,-0.8118,0.8712,0.5614,0.3571,0.0976,1.392
SLC30A1,1.1563,1.0914,-0.0374,1.1463,0.399,0.2977,-0.403,0.0844,0.1643,-0.6719
AP1M2,0.0703,0.5553,-0.4445,0.5647,-0.4544,1.0154,-1.002,2.0472,1.4401,0.2697
FAM169A,-1.0686,1.1489,-0.5504,1.3028,1.2701,-1.0434,0.9801,0.6707,0.8377,-0.111
SRSF5,-0.065,0.6346,0.2698,-0.0574,0.744,1.019,0.3932,1.0364,0.432,0.2941
MRPL38,-0.3167,0.9904,-0.403,0.4706,-0.2756,-0.2866,0.5727,-0.2403,-0.2546,0.6318
TNIP1,1.3157,0.8441,0.2009,0.2723,0.5646,0.8921,0.2442,1.0911,0.7755,-0.116
HAL,-1.0587,-0.7158,-0.3677,1.216,-0.1167,-1.004,-0.1473,-0.6096,-0.0633,0.1432
CLDN5,1.5686,0.3146,2.0054,1.2624,-0.3799,0.7094,-1.2047,-2.3861,0.1432,0.5751
PHC2,0.5153,0.3451,0.4649,0.7859,0.9897,0.9194,0.7498,1.2551,0.5998,1.086
PPP1R9A,0.2175,0.565,0.3018,0.3297,0.1743,1.2506,0.2463,0.2428,1.6258,1.0732
ACSL3,-1.5137,-0.2415,-1.113,-0.5109,-2.0404,0.1232,-0.5793,0.2609,-0.9171,0.277
TNXB,-0.4945,0.7894,0.7287,0.3094,-0.4354,1.0178,-1.3522,-1.2521,-0.3681,1.1978
ASNSD1,0.7391,0.7436,0.4496,1.0074,1.0091,0.5674,0.2361,0.218,0.081,0.4027
DOK1,-0.7373,-0.7819,-0.4351,-0.4653,-0.4877,0.215,0.0368,-0.1322,0.0846,-0.4558
GLMP,0.0782,0.0982,-0.6315,0.4711,-0.3572,0.2208,0.6947,0.5894,0.196,0.0209
HIRA,0.6057,0.4878,-0.0709,-0.1472,-0.6992,0.1311,0.0288,0.5555,0.2196,0.641
CPNE1,-0.4052,1.0095,-0.2754,0.7316,-0.992,0.1751,-1.5358,-0.212,0.3333,-0.4076
CD2BP2,-0.3156,0.8748,0.2788,0.0364,0.37,2.3204,1.3895,1.3952,0.9389,0.77
VARS1,-0.8913,-0.0258,0.0742,-0.6286,-0.2669,-0.76,0.2192,0.6512,0.7964,0.4476
CHMP1B,-0.3437,-0.8324,-0.744,-0.4978,-0.3061,0.2342,-0.1969,0.4858,0.1976,0.3201
GM2A,1.0474,-0.2691,0.6381,0.3926,0.2113,0.5231,0.5195,-0.5162,-0.0826,0.1803
GIPC1,0.3386,0.7267,0.5893,1.2909,-0.2299,0.4381,0.0826,0.7667,-0.2378,0.6501
STAP2,-0.2769,-0.3374,-0.7513,-0.181,0.7193,0.236,0.6153,1.2178,0.4039,-0.0741
WDSUB1,0.7778,0.2264,0.2481,-0.3054,1.028,0.1537,0.4634,-0.2006,0.6017,-0.0512
NIT1,0.3048,0.7752,0.735,0.36,-0.4455,0.9661,0.3909,-0.0811,-0.762,-0.4669
SNF8,0.0578,0.8005,0.389,-0.0412,0.0876,0.7426,0.9395,0.91,0.593,0.1781
USP17L7,-2.2782,0.8549,0.5902,0.7157,0.6395,-1.3459,0.3219,0.3882,0.4325,0.6665
CCT6A,0.4986,-0.0658,0.123,0.2131,0.2223,0.6824,0.4851,1.2831,1.355,0.1711
ZPR1,-1.6303,0.6566,-0.1445,-0.2622,-0.0805,-0.1453,0.332,-0.6469,-0.4298,0.2107
MASP2,-0.3971,-0.3887,-1.0334,-1.1197,-0.9068,-0.6978,-0.1357,-1.7299,-0.9056,-1.4074
ADPRS,-0.8064,0.5208,0.3068,0.2585,0.4975,-0.0866,-0.0627,1.264,0.0316,0.529
TMCO1,0.4464,-0.3816,-0.4693,0.1851,0.9151,0.6272,0.6834,-0.1654,0.9967,-0.1555
FLNC,-0.1273,-0.3903,-0.583,1.1991,-1.2089,-2.0696,-0.4558,-0.9505,3.5001,0.3177
NCOR2,0.4367,0.0849,-0.3633,0.1017,0.7218,1.2833,1.1171,0.6316,0.3312,0.6532
RNF17,0.1664,1.1749,0.3149,0.3613,-0.5987,-0.2143,0.2509,-0.6075,-0.4646,0.2312
PPFIBP1,-0.7302,0.5312,-0.2601,-0.1887,-0.5546,0.051,1.0871,0.2517,-0.5674,0.428
PURA,-0.0973,0.5836,0.355,-1.1548,-0.3741,0.2609,-0.0582,-0.5315,-0.3744,-0.8868
ZFAND1,0.7399,1.9653,1.216,1.9545,1.2573,1.2893,1.7938,0.9427,0.6418,1.292
CYBC1,1.3455,-0.0495,-0.2238,0.3969,0.8965,0.3834,-1.2197,1.1867,-0.6548,-0.3835
PCF11,-0.0934,1.5437,0.427,-0.0699,0.7098,0.8976,0.4626,0.9301,0.1727,0.3238
ATPSCKMT,-1.3789,-0.7995,1.8447,1.7043,0.3739,1.8065,0.2672,0.1969,0.4501,0.2969
FN3KRP,0.2059,1.1894,0.4704,0.8775,1.1083,0.3725,-0.6109,-0.8878,0.1992,-0.0325
GTPBP10,0.5916,0.5446,1.7262,-0.0527,-0.3526,0.4517,0.1295,0.4443,0.566,0.8843
PTPA,-0.433,0.0082,0.4656,0.6242,1.2847,0.9334,0.4634,0.0765,0.2279,0.2147
MYH10,0.1541,-0.148,-1.3468,-0.6735,0.3227,0.0114,0.176,0.0351,0.9783,-0.0763
IKBKB,-0.1613,-0.517,0.2656,-1.5412,-0.0258,0.2518,-0.5264,-0.2334,0.9338,0.5449
PLOD3,0.3324,0.4522,0.327,1.0005,0.3451,-0.4882,1.3199,0.5823,0.0205,-0.3683
PRPF38A,0.6633,0.443,1.1694,0.3447,0.1337,0.7165,0.7292,0.4042,0.6223,0.3156
NOM1,0.2893,0.6183,0.4276,0.1469,0.6845,-0.4764,1.0841,-0.2436,0.1376,0.3446
EIF4E2,0.5399,1.2722,-0.0391,0.7985,0.2656,0.7184,0.4898,0.5899,0.1816,0.2069
FARS2,0.4586,0.9601,-0.218,-0.4246,0.7078,0.2273,0.8866,-0.4399,-1.1073,-0.1551
NCEH1,-0.5682,-0.2124,-0.5012,0.2119,-0.3207,0.1066,0.1103,0.1296,0.0162,0.2929
MSH2,-0.3408,1.107,0.028,-0.681,0.308,-0.2908,0.7094,1.7279,-0.2482,0.4898
SEC11C,-0.6247,0.6754,-0.1129,0.0406,-0.2398,0.6316,0.7936,0.2146,-0.3079,1.1362
PHPT1,-0.1518,-1.3218,0.8501,-0.4455,1.2896,0.4239,1.2402,1.9014,-0.2622,0.2707
GSTA3,-0.6913,0.8058,-1.2321,-1.1728,-0.1774,-2.4365,-1.7593,-3.3407,0.1542,-3.1515
NR2F1,-0.6159,-0.3595,1.3648,-1.5051,1.4278,1.3052,1.0037,-0.2388,1.1403,-0.0073
HSD11B2,1.2925,-0.0155,0.486,0.2275,-0.0251,0.3516,0.2313,0.625,-1.122,0.5403
IDUA,1.4944,-0.1358,1.158,-0.0319,-0.6434,0.2131,0.9595,-0.0805,0.0506,0.7088
RBM19,0.3357,0.5503,0.4223,0.5115,0.1751,0.464,0.0364,0.8538,0.1445,0.7949
CDC40,-0.0782,0.1294,-0.2028,-0.451,-0.7983,-0.3072,0.0414,0.2967,0.6772,-0.0167
PPP2R5D,-0.1246,-0.4337,0.6261,1.1239,1.0595,0.6879,0.6486,1.2323,0.4796,0.6527
RALGAPA1,-0.2697,-0.7871,-0.4501,-0.1149,-0.0801,0.9193,0.0025,0.5479,-0.2541,-0.1928
TOMM40,-0.2374,0.1328,0.9337,0.606,1.1962,0.5188,0.182,1.76,0.3451,1.1383
ITSN1,-0.3128,0.3279,0.4539,0.0389,-1.4396,-0.0132,0.6861,0.2806,0.2335,-1.0172
SP100,-0.2219,0.5125,0.5119,1.0339,0.1516,0.2976,0.0448,-0.6063,-1.4297,0.3139
DNM2,0.2469,-0.0491,-0.4231,0.4172,0.0825,0.5086,0.997,-0.4996,0.0391,0.2223
SERBP1,0.9927,-0.5833,1.2379,0.3203,0.2021,0.1572,0.0358,0.7926,-0.2866,0.4343
PIK3R4,-0.0323,-0.1988,1.276,0.3215,0.407,0.577,-0.5503,0.8476,-1.0293,-0.2628
ELOC,-0.032,0.5144,0.3238,0.1214,0.2027,-0.4749,-0.7475,0.4199,0.4027,0.8703
TPST1,-0.2306,1.0835,0.2181,1.5245,1.3751,0.8245,0.3364,1.4888,1.2106,0.0308
MGRN1,-0.4268,0.0279,0.8173,0.6559,-0.3325,-0.1332,0.9356,-0.1191,0.6007,0.1082
ARFRP1,1.5278,0.074,1.2393,0.6557,0.6967,-0.5328,-0.6744,0.5327,0.8173,-0.0182
CDK13,-1.5355,0.7752,0.7772,-0.2039,1.0815,-2.4298,-1.2839,1.522,-0.6898,-0.6086
CKMT2,2.1049,-1.0218,0.8311,1.5631,-0.1151,0.7108,-0.8433,-0.5941,0.3103,0.6593
UVRAG,0.7882,0.987,0.2618,0.8204,0.1401,0.7259,0.4182,0.5237,0.5139,-0.3845
AP5Z1,-0.3841,0.2094,-0.6566,0.562,0.5815,0.4581,-0.2427,0.9676,1.2856,0.371
RASEF,1.0402,0.9183,1.0481,0.7914,0.8249,0.5988,1.1675,-0.3118,0.2001,-0.2251
TMEM86B,1.7341,-0.011,-0.6959,0.9704,1.856,1.5173,1.15,1.3136,2.1187,0.2861
API5,0.2412,0.0738,-0.2777,0.1348,0.8405,0.6079,0.6461,0.4015,0.5867,-0.0639
THY1,0.3789,0.6415,0.6863,0.7087,0.4686,0.6396,2.4907,1.312,1.0535,0.7151
HNRNPH1,0.0653,0.2327,0.4539,-0.6812,-0.5187,0.141,0.5819,0.3487,1.2457,-0.3006
VPS29,-0.5231,1.1196,0.1151,0.6602,1.5037,-0.4855,-0.0556,-0.1808,-1.3973,-0.2083
PPM1A,0.5539,0.3754,0.4166,-0.1047,-0.2518,0.6156,-0.3103,0.1045,0.036,0.7165
POGLUT1,1.1937,-0.2761,-0.2063,0.9392,0.5221,0.0331,0.9869,0.4499,0.3623,0.834
AQR,0.0565,1.4466,-0.2388,0.7946,1.3502,-0.5993,0.1402,1.2026,1.2133,0.263
WDR48,-0.0222,0.597,0.6804,-0.1797,-0.194,0.2653,0.4133,0.0733,0.4316,-0.0773
UBA3,-0.9705,-0.144,0.0941,-0.0716,-0.5031,-0.6581,-0.0219,0.6682,0.8434,0.81
E2F1,-0.2295,-0.4428,0.5992,0.6866,0.5383,-0.7452,-0.0209,0.5077,0.834,1.0109
EPS15L1,0.2806,0.3911,0.2454,0.6014,0.3805,0.2874,0.0894,0.2966,0.5355,0.4069
MSTO1,0.5033,1.1036,0.4311,-0.1395,0.8171,-0.54,-0.3622,0.5223,0.635,-0.4644
SGTA,0.3538,0.2432,0.3023,1.0111,0.8936,0.7018,0.4407,0.0425,1.4151,1.0047
SMPD4,-0.2442,0.7468,0.198,0.0473,0.5492,0.0697,0.3461,0.6693,0.2379,1.0498
ARPIN,1.8279,0.1007,-0.499,-0.7206,0.4982,-0.3119,0.2616,0.212,-0.9308,-1.0702
VPS26C,0.0896,-0.007,-0.3451,-1.0866,0.1953,0.8798,0.2812,-0.3966,0.1406,-0.709
NDUFA3,0.1425,-0.2602,-1.0235,-0.418,-0.1029,-0.7166,-0.693,-1.0843,-0.3455,-0.8467
DENND4A,-1.2288,0.0613,1.0386,0.05,1.5856,1.0235,0.9583,0.6207,0.6642,0.5231
ARMH3,0.0012,0.4423,-0.3343,-0.4084,-0.4335,1.1757,0.3734,0.2538,-0.4673,0.4226
AUP1,0.0909,0.225,-0.2578,0.2032,-0.0336,-0.3147,0.2933,-0.6278,0.2247,0.2732
SCAMP1,-0.2037,-0.1815,0.0418,0.2306,0.068,0.5418,1.0389,0.1899,-0.2616,0.6885
PSMF1,1.1289,0.619,0.034,0.4148,0.0218,0.7263,-0.0616,0.3537,0.0755,0.5224
PUS7,-0.0707,0.3622,0.2391,-0.565,0.7209,0.7221,-0.0268,2.5469,1.1407,0.6389
ATXN3,0.877,1.0685,0.1761,0.3974,-0.2023,0.2002,0.1769,0.3493,0.4157,0.5177
SNX12,0.2426,-0.4124,-0.2893,-0.112,0.0075,0.6092,-0.3918,-0.0275,0.565,-0.0015
CNGB1,0.3326,0.2194,0.2942,0.2026,0.3716,-0.1989,0.0242,0.1488,0.1935,0.3746
SCAMP3,0.1993,1.2268,0.0521,1.1439,0.8631,-0.1173,0.5531,0.3563,0.728,0.2618
CNOT2,-0.0431,0.9803,0.0842,0.649,0.0069,1.28,-0.1516,-0.1124,1.1932,-0.0091
NHSL3,0.762,0.6137,0.3947,0.0478,0.4231,0.2684,0.4913,0.5794,0.1038,0.4147
ERP29,0.3383,0.5118,0.1881,-1.1869,-0.1803,-0.8383,-0.3015,0.3646,-0.0155,0.4592
MRE11,0.4456,-0.5109,-1.224,0.3331,0.1215,-0.2813,-0.7034,-0.14,0.1751,0.6769
ACP5,0.3164,0.8834,-0.1725,0.593,0.26,0.5253,0.0734,0.6759,0.3657,-0.0236
TXNDC15,0.2685,0.162,0.503,-0.2779,0.2604,0.3535,0.1841,0.7988,0.5307,0.1651
TCF20,0.2958,0.3301,0.3769,-0.5912,0.0707,-0.1764,1.0235,0.4419,0.3843,0.8578
BAIAP2L1,0.5983,-0.7033,0.1844,-0.0374,-1.2202,0.0037,0.429,0.4865,-0.661,1.5496
ISG20L2,-0.2079,-0.0462,0.374,-1.0018,0.4385,-0.853,-1.4658,0.2356,1.2984,0.4108
RAD23A,0.3071,-0.522,-1.1406,0.6329,0.9571,1.0079,-0.0711,-0.5414,-0.4903,-0.8453
PRODH2,-0.2392,0.4504,-0.253,-0.0743,0.3577,-0.4663,0.5158,0.4983,-0.3564,-0.5361
NDUFB6,0.5119,0.0571,-0.2951,0.7662,0.738,0.3641,-0.2534,-0.2389,0.3431,0.0788
NEMP1,-0.1532,0.203,0.1275,0.296,-0.323,0.135,0.423,0.3418,0.6251,0.3346
SQOR,1.3595,0.5465,0.871,0.0098,0.2198,0.6705,1.1068,0.5576,0.0527,0.9604
FBXL18,-0.4586,-0.0534,1.0543,0.7028,1.0142,0.8574,1.1241,0.3947,1.1239,1.347
EEF2K,0.7517,1.1876,0.215,0.2314,-0.7564,-0.487,-0.301,0.3824,-0.5307,0.2428
TSPAN3,-0.2528,-0.3622,-0.0967,-0.4955,-0.5191,-0.4979,0.4099,0.2653,0.2429,0.8242
HECTD3,0.259,0.1417,0.3516,0.2361,-0.0034,0.0388,0.2522,0.3239,0.5506,0.4938
PELP1,-0.4992,-0.2453,0.2013,0.4306,0.3561,0.1828,-0.5048,-0.3574,0.3772,0.4174
ZNF718,-0.3524,0.0104,0.1966,-0.3691,0.347,-0.0492,0.4697,-0.0987,-0.2552,-0.0748
TRANK1,-0.1377,-0.43,-0.2581,0.2899,-0.2135,-0.381,-2.0182,0.0752,-0.404,1.2894
EXOG,-0.0818,-0.5368,0.7342,0.5919,-0.1178,-0.5632,1.0434,0.9788,-1.0649,-0.0019
TAGLN,1.4157,-0.2368,-0.248,-0.0875,-0.7346,-0.97,1.1588,-1.0767,0.5371,1.0307
LAMA2,-1.5401,-0.996,1.2107,0.5084,-0.6791,1.5484,1.5529,0.585,-0.6221,-0.1197
SIGLEC1,0.2355,-0.0179,0.5836,-0.7334,-0.7145,-0.3583,-0.717,-0.7893,-1.398,-0.4444
MRPL48,0.7298,1.2746,0.8237,0.6682,1.6784,-0.4252,1.001,-0.7019,-0.0595,-0.3482
GBP4,0.6543,0.0747,0.1102,-0.6377,-0.0856,-0.548,0.2366,-0.7037,0.884,-1.1719
PTDSS1,-0.2066,1.1355,-0.0059,-0.4814,0.3476,0.169,-0.0258,-0.1663,1.9219,0.29
UBE2R2,-0.4427,1.5743,1.0537,0.2411,0.1428,1.5215,0.9785,-0.0119,2.1785,0.8682
ADIPOR2,1.16,1.0635,0.0508,0.9545,0.2061,-0.6603,-0.0196,0.3457,-0.0366,0.0326
CDC26,0.8747,0.3834,-0.0665,0.6656,0.4266,-0.5021,0.8954,0.8781,0.702,1.1149
LRG1,0.346,0.7919,-0.0494,0.8231,1.5064,-0.0846,0.0193,0.0413,0.4126,-0.1148
SEC24B,0.3526,0.5553,0.4064,-0.6905,0.626,0.7622,0.7112,0.4933,0.4206,0.8075
INHBC,2.228,0.147,1.6164,0.7741,0.7427,-1.2642,-0.3586,-0.8741,-0.4882,-0.9471
DMTN,-0.1621,-0.1379,0.146,-0.8205,-0.7249,0.1486,-0.5061,0.551,0.0714,0.2869
TXNDC11,0.8026,-0.0833,-0.2196,0.5251,0.3386,-0.124,0.689,-0.1368,-0.0106,-0.0166
TKT,-0.2955,0.3382,1.1641,0.5682,0.309,0.0175,0.3259,0.5882,0.5002,-0.089
SAA4,0.4525,0.5433,-0.3272,0.3609,-1.0028,0.5413,0.6454,0.6964,0.0275,0.4397
NUDT12,1.1902,1.182,0.0172,0.1532,0.9375,-1.4897,-0.539,0.7999,0.509,0.0199
UBAC1,-0.7653,-0.0623,-0.323,0.1216,-0.429,-0.198,-0.6998,0.8873,0.1043,0.3732
CSNK1A1,0.5306,0.1047,0.0281,0.1295,0.2423,0.5624,0.0976,1.1141,0.8265,0.739
DHX16,0.3445,1.1886,0.2937,0.3902,0.4941,0.4475,0.4139,-0.1606,-0.1905,0.4155
ZFYVE27,0.3586,-0.0115,-0.4102,0.0506,0.328,0.7749,-0.2279,0.0297,0.0421,0.6248
PNPLA6,0.1881,-0.1768,0.4364,0.0335,-0.3094,-0.1482,0.9505,0.3859,0.2703,0.1207
TUBG1,0.3986,0.3932,0.3986,0.3185,0.659,0.51,0.0579,0.223,-0.3943,1.415
PARVG,0.0697,-0.5489,-0.3486,-0.4783,0.318,-0.6653,-0.1047,-0.1862,0.1556,-0.1845
GPRC5C,-1.3045,-0.5179,-0.8942,-0.3453,0.3618,-1.758,-1.2678,-1.1386,-1.0493,-0.4638
NT5C3B,-0.061,0.2389,-0.2911,0.1443,0.4231,-0.4323,0.3379,-0.0331,0.4723,-0.1622
NAA10,0.5557,0.2376,0.1956,0.4635,0.6731,-0.9615,1.0623,-1.4216,-0.5355,-0.0901
TBCB,0.7174,1.0642,0.0407,0.4432,-0.0393,1.0054,1.077,1.4701,1.032,1.3071
ACTN1,0.1487,-0.4521,-1.0262,-0.0334,-1.0752,0.6476,-0.2115,0.5886,-0.3991,0.0425
IPO11,0.5527,0.441,0.2709,0.633,0.0544,0.0399,1.116,0.8897,0.5995,1.3013
CLN8,-0.2423,0.3343,-0.0816,-0.5167,0.5248,0.0317,-0.3714,-0.0639,-0.4739,-0.0269
TRAM2,-1.123,-0.2495,1.024,0.2412,0.5324,-0.2907,1.7445,1.3257,0.4395,0.3095
ZHX1,0.5168,0.8891,0.4872,0.963,-0.2457,0.049,-0.0954,0.5417,0.4377,0.3097
SSNA1,1.0478,1.3932,-0.8585,-0.1003,1.0567,0.049,-0.2208,1.2625,-0.6219,0.1847
ZNF524,0.4701,-0.2013,0.8083,-0.1977,1.2736,0.677,1.27,1.3257,0.3037,-0.7572
LIN7A,0.4843,0.3348,0.5854,0.1799,0.0742,1.4259,-0.3783,0.7653,0.0871,0.2109
PDHB,0.06,-0.224,0.5788,1.0573,0.5197,0.1321,-0.5044,0.3735,1.331,-0.1506
CHUK,0.0224,-0.1153,-0.062,-1.74,0.6034,-0.7316,-1.3004,0.4577,-0.9075,-0.3545
NIP7,0.7364,-1.4277,-1.5206,-0.1645,0.4979,-1.3608,0.1308,0.2612,-1.7256,0.4249
ADSL,0.3953,-0.4981,0.6778,0.5907,-0.1862,-0.3395,-0.7315,-0.0283,0.4282,-0.2438
QKI,-0.6354,0.6198,0.2293,0.0229,0.4708,0.8922,-0.6745,0.4974,-0.1765,0.5208
SORBS1,0.0253,0.2884,-0.2997,-1.0116,-0.2743,0.026,0.3413,-0.792,0.3474,-0.5205
ITPRID2,0.0065,-0.309,-0.0587,0.198,-0.5684,-0.5872,-0.2744,0.5273,-0.6535,0.3966
PLEKHM2,1.8761,0.1456,-0.0198,-0.3441,0.1695,-1.7585,-0.663,0.6323,-1.1034,-0.7984
BOLA2B,-0.5694,0.6124,0.55,0.4357,0.2759,-0.0066,0.4459,0.1437,0.3395,0.2825
SDF4,0.8886,0.5246,0.1299,1.2106,0.3153,0.7884,0.2193,-1.7771,0.7883,-0.1653
GSR,0.1096,0.3173,-0.0729,0.2834,-0.2267,0.9149,0.0502,-0.1174,-0.4552,0.2885
PMPCA,0.2605,0.376,-0.436,-0.7652,0.512,1.0656,-0.3747,1.1257,0.3768,0.2099
DHRS7,-0.3569,-1.136,0.7366,-0.6554,-0.6587,0.9237,-1.3457,-1.062,0.1264,0.3722
TAMM41,0.4185,0.2024,0.9806,0.2227,0.2219,-0.0065,0.2465,0.3815,0.5432,-0.1967
SETMAR,0.2234,0.5408,0.6052,0.3391,0.5847,0.0676,1.1524,0.8934,-0.178,-0.0544
TIMM23,0.0492,0.6257,-0.0303,0.2885,0.5511,-0.3249,-0.2163,-0.659,-0.104,-0.5077
THYN1,-0.0794,0.2109,0.1414,0.1006,-0.2994,0.1043,0.2601,-0.451,0.0202,0.4592
RPL35,-0.0637,0.8524,0.8949,-0.0515,0.928,0.2715,0.483,0.1386,0.6729,0.4783
BRD7,-0.2818,-0.444,-0.5803,0.1811,0.3588,1.1006,0.7454,0.2654,0.4848,1.3322
NOMO2,0.0354,0.2535,-0.1697,0.3206,0.0448,0.6133,0.5185,0.0778,0.2059,0.0586
ACIN1,-0.4409,-0.154,0.385,0.4499,0.3596,-0.0315,0.599,0.155,0.4817,-0.7831
ALPL,-4.7678,-0.0217,-1.9496,-0.5816,-0.6828,1.3387,-0.0012,-0.2654,0.4919,-0.0367
PLEKHG3,-0.0222,0.6181,-0.2953,0.3048,-0.4786,0.1552,0.1506,0.7718,-0.5855,-0.1818
F10,0.5062,0.1275,0.0071,-0.8759,-0.5921,1.318,0.3106,0.6423,0.2611,-0.5687
RAB23,0.5428,0.3124,1.2768,-0.5003,0.4832,-0.4759,0.3101,0.7484,-0.8828,0.1162
SYNJ2BP,0.0479,-0.022,0.5253,0.8955,0.2643,0.5717,0.5258,0.4692,-0.0801,1.0263
CA1,0.0083,0.0907,-0.902,-0.615,-0.3811,-1.532,-1.6591,-0.7608,0.1673,-0.8041
LAMA3,-0.4004,-0.2122,0.119,0.2126,2.5351,1.3121,1.2846,1.4172,-0.5809,-0.7869
SH3RF3,-0.7016,2.7853,0.0978,-0.9079,0.2637,-0.6009,0.1233,0.0983,-1.4429,0.7192
TMPO,-0.2304,0.0623,0.5732,-0.232,-0.1881,0.5937,-0.2847,0.0019,0.5719,1.48
TUT1,0.527,0.4273,0.471,-0.7335,0.1592,0.5104,0.7743,0.6203,0.8179,0.2989
PDGFRB,-0.0172,-1.1178,-0.341,1.1227,0.2055,-0.1507,1.4895,-1.2971,-1.082,1.3326
CNRIP1,-0.2783,-0.4629,-1.0747,-0.0214,0.0405,-1.0903,-0.48,-0.6049,-0.2266,-1.1062
SLC26A1,0.6479,0.491,-0.106,-0.0375,-0.0002,-0.5991,-0.4428,-0.362,0.5171,0.2061
EMC1,0.83,0.5254,-0.2767,0.3035,0.8493,-0.3343,0.6876,1.5969,0.9169,1.1069
CD180,-0.0053,0.5156,-0.6558,0.396,0.2977,0.3793,1.0923,-0.1966,0.0478,0.2441
PAK1,-0.2828,0.5406,-0.7345,1.078,0.4225,0.2387,0.0332,0.4263,1.031,0.9389
PPP1CA,-0.2537,-0.3309,0.4951,-0.2629,0.167,0.1897,0.2932,0.5934,-0.5724,-0.9286
ASB9,-0.2819,1.3672,1.5208,1.3878,-0.0212,-1.098,-1.4885,-0.2849,0.0047,1.048
